<?xml-stylesheet type="text/xsl" href="..\..\dco.xsl"?>
<S>
	<B type="DBSPOC3">
		<V n="ID">0</V>
		<V n="TYPE">Batch</V>
		<V n="STATUS">0</V>
		<V n="MIN TYPES">0</V>
		<V n="MAX TYPES">0</V>
		<V n="rules">&lt;in&gt;&lt;r id=&quot;1&quot; rs=&quot;4&quot; /&gt;&lt;/in&gt;&lt;out&gt;&lt;r id=&quot;3&quot; rs=&quot;4&quot; /&gt;&lt;/out&gt;</V>
		<V n="OMRType">0</V>
		<P type="Other" pos="0" min="0" max="0"/>
		<D type="ComSec NN6 Form" pos="0" min="0" max="0"/>
		<D type="ComSec NN7 Form" pos="0" min="0" max="0"/>
		<D type="ComSec Minutes or Resolution " pos="0" min="0" max="0"/>
		<D type="ComSec Agreement" pos="0" min="0" max="0"/>
		<D type="ComSec Corresponding" pos="0" min="0" max="0"/>
		<D type="Front Page Document" pos="0" min="0" max="0"/>
	</B>
	<D type="ComSec NN6 Form">
		<V n="ID">0</V>
		<V n="TYPE">Document</V>
		<V n="STATUS">0</V>
		<V n="DOC DATA">0</V>
		<V n="MIN_TYPES">0</V>
		<V n="MAX_TYPES">0</V>
		<V n="rules">&lt;in&gt;&lt;r id=&quot;1&quot; rs=&quot;12&quot; /&gt;&lt;r id=&quot;1&quot; rs=&quot;6&quot; /&gt;&lt;r id=&quot;1&quot; rs=&quot;9&quot; /&gt;&lt;r id=&quot;5&quot; rs=&quot;16&quot; /&gt;&lt;/in&gt;&lt;out&gt;&lt;r id=&quot;3&quot; rs=&quot;6&quot; /&gt;&lt;/out&gt;</V>
		<P type="NN6 Front Page" pos="0" min="1" max="1"/>
		<P type="NN6 Trail Page" pos="1" min="0" max="0"/>
	</D>
	<D type="ComSec NN7 Form">
		<V n="ID">0</V>
		<V n="TYPE">Document</V>
		<V n="STATUS">0</V>
		<V n="DOC DATA">0</V>
		<V n="MIN_TYPES">0</V>
		<V n="MAX_TYPES">0</V>
		<V n="rules">&lt;in&gt;&lt;r id=&quot;1&quot; rs=&quot;12&quot; /&gt;&lt;r id=&quot;1&quot; rs=&quot;6&quot; /&gt;&lt;r id=&quot;1&quot; rs=&quot;9&quot; /&gt;&lt;r id=&quot;5&quot; rs=&quot;16&quot; /&gt;&lt;/in&gt;&lt;out&gt;&lt;r id=&quot;3&quot; rs=&quot;6&quot; /&gt;&lt;/out&gt;</V>
		<P type="NN7 Front Page" pos="0" min="0" max="1"/>
		<P type="NN7 Trail Page" pos="1" min="0" max="0"/>
	</D>
	<D type="ComSec Minutes or Resolution ">
		<V n="ID">0</V>
		<V n="TYPE">Document</V>
		<V n="STATUS">0</V>
		<V n="DOC DATA">0</V>
		<V n="MIN_TYPES">0</V>
		<V n="MAX_TYPES">0</V>
		<V n="rules">&lt;in&gt;&lt;r id=&quot;1&quot; rs=&quot;12&quot; /&gt;&lt;r id=&quot;1&quot; rs=&quot;6&quot; /&gt;&lt;r id=&quot;1&quot; rs=&quot;9&quot; /&gt;&lt;r id=&quot;5&quot; rs=&quot;16&quot; /&gt;&lt;/in&gt;&lt;out&gt;&lt;r id=&quot;3&quot; rs=&quot;6&quot; /&gt;&lt;/out&gt;</V>
		<P type="Minutes or Resolution Trail Page" pos="0" min="0" max="0"/>
		<P type="Minutes or Resolution Page" pos="0" min="0" max="1"/>
	</D>
	<D type="Front Page Document">
		<V n="ID">0</V>
		<V n="TYPE">Document</V>
		<V n="STATUS">0</V>
		<V n="DOC DATA">0</V>
		<V n="MIN_TYPES">0</V>
		<V n="MAX_TYPES">0</V>
		<V n="rules">&lt;in /&gt;&lt;out /&gt;</V>
		<P type="SAM Index Fields Page" pos="0" min="0" max="0"/>
		<P type="SAM Acc Chk Front Page" pos="0" min="0" max="0"/>
		<P type="SAM Acc Rev Front Page" pos="0" min="0" max="0"/>
		<P type="SAM Doc Type Page" pos="0" min="0" max="0"/>
		<P type="ComSec Agreement Cover Page" pos="0" min="0" max="0"/>
	</D>
	<D type="Minutes">
		<V n="ID">0</V>
		<V n="TYPE">Document</V>
		<V n="STATUS">0</V>
		<V n="DOC DATA">0</V>
		<V n="MIN_TYPES">0</V>
		<V n="MAX_TYPES">0</V>
		<V n="rules">&lt;in&gt;&lt;r id=&quot;1&quot; rs=&quot;12&quot; /&gt;&lt;r id=&quot;1&quot; rs=&quot;6&quot; /&gt;&lt;r id=&quot;1&quot; rs=&quot;9&quot; /&gt;&lt;r id=&quot;5&quot; rs=&quot;16&quot; /&gt;&lt;/in&gt;&lt;out&gt;&lt;r id=&quot;3&quot; rs=&quot;6&quot; /&gt;&lt;/out&gt;</V>
		<P type="Minutes or Resolution Page" pos="0" min="1" max="1"/>
		<P type="Minutes or Resolution Trail Page" pos="1" min="0" max="0"/>
	</D>
	<D type="ComSec Agreement">
		<V n="ID">0</V>
		<V n="TYPE">Document</V>
		<V n="STATUS">0</V>
		<V n="DOC DATA">0</V>
		<V n="MIN_TYPES">0</V>
		<V n="MAX_TYPES">0</V>
		<V n="rules">&lt;in&gt;&lt;r id=&quot;5&quot; rs=&quot;16&quot; /&gt;&lt;r id=&quot;1&quot; rs=&quot;12&quot; /&gt;&lt;r id=&quot;1&quot; rs=&quot;9&quot; /&gt;&lt;r id=&quot;1&quot; rs=&quot;6&quot; /&gt;&lt;/in&gt;&lt;out&gt;&lt;r id=&quot;3&quot; rs=&quot;6&quot; /&gt;&lt;/out&gt;</V>
		<P type="Agreement Page" pos="0" min="0" max="0"/>
	</D>
	<D type="ComSec Corresponding">
		<V n="ID">0</V>
		<V n="TYPE">Document</V>
		<V n="STATUS">0</V>
		<V n="DOC DATA">0</V>
		<V n="MIN_TYPES">0</V>
		<V n="MAX_TYPES">0</V>
		<V n="rules">&lt;in&gt;&lt;r id=&quot;5&quot; rs=&quot;16&quot; /&gt;&lt;r id=&quot;1&quot; rs=&quot;12&quot; /&gt;&lt;r id=&quot;1&quot; rs=&quot;9&quot; /&gt;&lt;r id=&quot;1&quot; rs=&quot;6&quot; /&gt;&lt;/in&gt;&lt;out /&gt;</V>
		<P type="Corresponding Page" pos="0" min="0" max="0"/>
		<P type="Corresponding Trail Page" pos="0" min="0" max="0"/>
	</D>
	<P type="Other">
		<V n="ID">0</V>
		<V n="TYPE">Page</V>
		<V n="STATUS">0</V>
		<V n="IMAGEFILE"></V>
		<V n="DATAFILE"></V>
		<V n="TEMPLATE IMAGE"></V>
		<V n="MIN TYPES">0</V>
		<V n="MAX TYPES">0</V>
		<V n="rules">&lt;in /&gt;&lt;out /&gt;</V>
	</P>
	<P type="Page">
		<V n="ID">0</V>
		<V n="TYPE">Page</V>
		<V n="STATUS">0</V>
		<V n="IMAGEFILE"></V>
		<V n="DATAFILE"></V>
		<V n="TEMPLATE IMAGE"></V>
		<V n="MIN TYPES">0</V>
		<V n="MAX TYPES">0</V>
		<V n="rules">&lt;in /&gt;&lt;out /&gt;</V>
	</P>
	<P type="NN6 Front Page">
		<V n="ID">0</V>
		<V n="TYPE">Page</V>
		<V n="STATUS">0</V>
		<V n="IMAGEFILE"></V>
		<V n="DATAFILE"></V>
		<V n="TEMPLATE IMAGE"></V>
		<V n="MIN_TYPES">0</V>
		<V n="MAX_TYPES">0</V>
		<V n="rules">&lt;in&gt;&lt;r id=&quot;2&quot; rs=&quot;6&quot; /&gt;&lt;/in&gt;&lt;out /&gt;</V>
		<F type="NN6_Entity_Name" pos="0" min="0" max="0"/>
		<F type="NN6_Form_Name" pos="0" min="0" max="0"/>
		<F type="NN6_Surname" pos="0" min="0" max="0"/>
		<F type="NN6_Othername" pos="0" min="0" max="0"/>
		<F type="NN6_Cessation_Date" pos="0" min="0" max="0"/>
		<F type="NN6_Remark" pos="0" min="0" max="0"/>
	</P>
	<P type="NN7 Front Page">
		<V n="ID">0</V>
		<V n="TYPE">Page</V>
		<V n="STATUS">0</V>
		<V n="IMAGEFILE"></V>
		<V n="DATAFILE"></V>
		<V n="TEMPLATE IMAGE"></V>
		<V n="MIN_TYPES">0</V>
		<V n="MAX_TYPES">0</V>
		<V n="rules">&lt;in&gt;&lt;r id=&quot;11&quot; rs=&quot;6&quot; /&gt;&lt;/in&gt;&lt;out /&gt;</V>
		<V n="PAGE_WIDTH">2481</V>
		<V n="PAGE_HEIGHT">3507</V>
		<F type="NN7_Entity_Name" pos="0" min="0" max="0"/>
		<F type="NN7_Form_Name" pos="0" min="0" max="0"/>
		<F type="NN7_Surname" pos="0" min="0" max="0"/>
		<F type="NN7_Othername" pos="0" min="0" max="0"/>
		<F type="NN7_Cessation_Date" pos="0" min="0" max="0"/>
		<F type="NN7_Remark" pos="0" min="0" max="0"/>
	</P>
	<P type="NN7 Trail Page">
		<V n="ID">0</V>
		<V n="TYPE">Page</V>
		<V n="STATUS">0</V>
		<V n="IMAGEFILE"></V>
		<V n="DATAFILE"></V>
		<V n="TEMPLATE IMAGE"></V>
		<V n="MIN_TYPES">0</V>
		<V n="MAX_TYPES">0</V>
		<V n="rules">&lt;in&gt;&lt;r id=&quot;22&quot; rs=&quot;6&quot; /&gt;&lt;/in&gt;&lt;out /&gt;</V>
	</P>
	<P type="Use of Info Page">
		<V n="ID">0</V>
		<V n="TYPE">Page</V>
		<V n="STATUS">0</V>
		<V n="IMAGEFILE"></V>
		<V n="DATAFILE"></V>
		<V n="TEMPLATE IMAGE"></V>
		<V n="MIN_TYPES">0</V>
		<V n="MAX_TYPES">0</V>
		<V n="rules">&lt;in&gt;&lt;r id=&quot;8&quot; rs=&quot;13&quot; /&gt;&lt;/in&gt;&lt;out /&gt;</V>
		<V n="PAGE_WIDTH">2550</V>
		<V n="PAGE_HEIGHT">3501</V>
		<F type="Name" pos="0" min="0" max="0"/>
		<F type="Contact_No" pos="0" min="0" max="0"/>
		<F type="ID_No" pos="0" min="0" max="0"/>
		<F type="Staff_Name" pos="0" min="0" max="0"/>
		<F type="Date" pos="0" min="0" max="0"/>
		<F type="Br_Code" pos="0" min="0" max="0"/>
		<F type="Staff_Phone_No" pos="0" min="0" max="0"/>
		<F type="Officer_Name_Code" pos="0" min="0" max="0"/>
		<F type="Checker" pos="0" min="0" max="0"/>
		<F type="Recording_Start_Time" pos="0" min="0" max="0"/>
		<F type="Ext_No" pos="0" min="0" max="0"/>
		<F type="Request_For_Invest" pos="0" min="0" max="0"/>
		<F type="Use_of_Deposit_Info" pos="0" min="0" max="0"/>
		<F type="Direct_Marketing_Opt_In" pos="0" min="0" max="0"/>
	</P>
	<P type="Append Document Page">
		<V n="ID">0</V>
		<V n="TYPE">Page</V>
		<V n="STATUS">0</V>
		<V n="IMAGEFILE"></V>
		<V n="DATAFILE"></V>
		<V n="TEMPLATE IMAGE"></V>
		<V n="MIN_TYPES">0</V>
		<V n="MAX_TYPES">0</V>
		<V n="rules">&lt;in&gt;&lt;r id=&quot;16&quot; rs=&quot;6&quot; /&gt;&lt;/in&gt;&lt;out /&gt;</V>
		<F type="Append_Doc_ID" pos="0" min="0" max="0"/>
		<F type="Append_Remarks" pos="0" min="0" max="0"/>
	</P>
	<P type="SAM Index Fields Page">
		<V n="ID">0</V>
		<V n="TYPE">Page</V>
		<V n="STATUS">0</V>
		<V n="IMAGEFILE"></V>
		<V n="DATAFILE"></V>
		<V n="TEMPLATE IMAGE"></V>
		<V n="MIN_TYPES">0</V>
		<V n="MAX_TYPES">0</V>
		<V n="rules">&lt;in /&gt;&lt;out /&gt;</V>
		<F type="Batch_SAM_Action_No" pos="0" min="0" max="0"/>
		<F type="Batch_SAM_CIF_No" pos="0" min="0" max="0"/>
		<F type="Batch_SAM_Group_Name" pos="0" min="0" max="0"/>
		<F type="Batch_SAM_Borrower_Name" pos="0" min="0" max="0"/>
		<F type="Batch_SAM_TIN_No" pos="0" min="0" max="0"/>
		<F type="Batch_SAM_Sequence" pos="0" min="0" max="0"/>
		<F type="Batch_SAM_Remarks" pos="0" min="0" max="0"/>
		<F type="Batch_SAM_IsRescan" pos="0" min="0" max="0"/>
	</P>
	<P type="SAM Acc Chk Front Page">
		<V n="ID">0</V>
		<V n="TYPE">Page</V>
		<V n="STATUS">0</V>
		<V n="IMAGEFILE"></V>
		<V n="DATAFILE"></V>
		<V n="TEMPLATE IMAGE"></V>
		<V n="MIN_TYPES">0</V>
		<V n="MAX_TYPES">0</V>
		<V n="rules">&lt;in /&gt;&lt;out /&gt;</V>
		<F type="Batch_SAM_Action_No" pos="0" min="0" max="0"/>
		<F type="Batch_SAM_CIF_No" pos="0" min="0" max="0"/>
		<F type="Batch_SAM_Group_Name" pos="0" min="0" max="0"/>
		<F type="Batch_SAM_Borrower_Name" pos="0" min="0" max="0"/>
		<F type="Batch_SAM_TIN_No" pos="0" min="0" max="0"/>
		<F type="Batch_SAM_Sequence" pos="0" min="0" max="0"/>
		<F type="Batch_SAM_Remarks" pos="0" min="0" max="0"/>
		<F type="Batch_SAM_IsRescan" pos="0" min="0" max="0"/>
	</P>
	<P type="Account Checklist Page">
		<V n="ID">0</V>
		<V n="TYPE">Page</V>
		<V n="STATUS">0</V>
		<V n="IMAGEFILE"></V>
		<V n="DATAFILE"></V>
		<V n="TEMPLATE IMAGE"></V>
		<V n="MIN_TYPES">0</V>
		<V n="MAX_TYPES">0</V>
		<V n="rules">&lt;in&gt;&lt;r id=&quot;9&quot; rs=&quot;6&quot; /&gt;&lt;/in&gt;&lt;out /&gt;</V>
		<F type="SAM_Action_No" pos="0" min="0" max="0"/>
		<F type="SAM_CIF_No" pos="0" min="0" max="0"/>
		<F type="SAM_Group_Name" pos="0" min="0" max="0"/>
		<F type="SAM_Borrower_Name" pos="0" min="0" max="0"/>
		<F type="SAM_TIN_No" pos="0" min="0" max="0"/>
		<F type="SAM_Sequence" pos="0" min="0" max="0"/>
		<F type="SAM_Rescan" pos="0" min="0" max="0"/>
		<F type="SAM_Remarks" pos="0" min="0" max="0"/>
	</P>
	<P type="ND2A Front Page">
		<V n="ID">0</V>
		<V n="TYPE">Page</V>
		<V n="STATUS">0</V>
		<V n="IMAGEFILE"></V>
		<V n="DATAFILE"></V>
		<V n="TEMPLATE IMAGE"></V>
		<V n="MIN_TYPES">0</V>
		<V n="MAX_TYPES">0</V>
		<V n="rules">&lt;in /&gt;&lt;out /&gt;</V>
		<F type="ND2A_Company_Number" pos="0" min="0" max="0"/>
		<F type="ND2A_Company_Name" pos="0" min="0" max="0"/>
		<F type="ND2A_Surname" pos="0" min="0" max="0"/>
		<F type="ND2A_Othername" pos="0" min="0" max="0"/>
		<F type="ND2A_Cessation_Date" pos="0" min="0" max="0"/>
		<F type="ND2A_Remarks" pos="0" min="0" max="0"/>
		<F type="ND2A_" pos="0" min="0" max="0"/>
		<F type="Field2" pos="0" min="0" max="0"/>
		<F type="Field3" pos="0" min="0" max="0"/>
		<F type="ND2A_Othernames" pos="0" min="0" max="0"/>
	</P>
	<P type="ND2A Second Page">
		<V n="ID">0</V>
		<V n="TYPE">Page</V>
		<V n="STATUS">0</V>
		<V n="IMAGEFILE"></V>
		<V n="DATAFILE"></V>
		<V n="TEMPLATE IMAGE"></V>
		<V n="MIN_TYPES">0</V>
		<V n="MAX_TYPES">0</V>
		<V n="rules">&lt;in&gt;&lt;r id=&quot;17&quot; rs=&quot;6&quot; /&gt;&lt;/in&gt;&lt;out /&gt;</V>
	</P>
	<P type="ND2A Third Page">
		<V n="ID">0</V>
		<V n="TYPE">Page</V>
		<V n="STATUS">0</V>
		<V n="IMAGEFILE"></V>
		<V n="DATAFILE"></V>
		<V n="TEMPLATE IMAGE"></V>
		<V n="MIN_TYPES">0</V>
		<V n="MAX_TYPES">0</V>
		<V n="rules">&lt;in&gt;&lt;r id=&quot;17&quot; rs=&quot;6&quot; /&gt;&lt;/in&gt;&lt;out /&gt;</V>
	</P>
	<P type="ND2A Continuation Sheet A Page">
		<V n="ID">0</V>
		<V n="TYPE">Page</V>
		<V n="STATUS">0</V>
		<V n="IMAGEFILE"></V>
		<V n="DATAFILE"></V>
		<V n="TEMPLATE IMAGE"></V>
		<V n="MIN_TYPES">0</V>
		<V n="MAX_TYPES">0</V>
		<V n="rules">&lt;in&gt;&lt;r id=&quot;17&quot; rs=&quot;6&quot; /&gt;&lt;/in&gt;&lt;out /&gt;</V>
	</P>
	<P type="ND2A Continuation Sheet B Page">
		<V n="ID">0</V>
		<V n="TYPE">Page</V>
		<V n="STATUS">0</V>
		<V n="IMAGEFILE"></V>
		<V n="DATAFILE"></V>
		<V n="TEMPLATE IMAGE"></V>
		<V n="MIN_TYPES">0</V>
		<V n="MAX_TYPES">0</V>
		<V n="rules">&lt;in&gt;&lt;r id=&quot;17&quot; rs=&quot;6&quot; /&gt;&lt;/in&gt;&lt;out /&gt;</V>
	</P>
	<P type="ND2A Continuation Sheet C Page">
		<V n="ID">0</V>
		<V n="TYPE">Page</V>
		<V n="STATUS">0</V>
		<V n="IMAGEFILE"></V>
		<V n="DATAFILE"></V>
		<V n="TEMPLATE IMAGE"></V>
		<V n="MIN_TYPES">0</V>
		<V n="MAX_TYPES">0</V>
		<V n="rules">&lt;in&gt;&lt;r id=&quot;17&quot; rs=&quot;6&quot; /&gt;&lt;/in&gt;&lt;out /&gt;</V>
	</P>
	<P type="Form ND2A Front Page">
		<V n="ID">0</V>
		<V n="TYPE">Page</V>
		<V n="STATUS">0</V>
		<V n="IMAGEFILE"></V>
		<V n="DATAFILE"></V>
		<V n="TEMPLATE IMAGE"></V>
		<V n="MIN_TYPES">0</V>
		<V n="MAX_TYPES">0</V>
		<V n="rules">&lt;in&gt;&lt;r id=&quot;17&quot; rs=&quot;6&quot; /&gt;&lt;/in&gt;&lt;out /&gt;</V>
		<F type="Form_ND2A_Company_Number" pos="0" min="0" max="0"/>
		<F type="Form_ND2A_Company_Name" pos="0" min="0" max="0"/>
		<F type="Form_ND2A_Surname" pos="0" min="0" max="0"/>
		<F type="Form_ND2A_Othernames" pos="0" min="0" max="0"/>
	</P>
	<P type="Minutes or Resolution Page">
		<V n="ID">0</V>
		<V n="TYPE">Page</V>
		<V n="STATUS">0</V>
		<V n="IMAGEFILE"></V>
		<V n="DATAFILE"></V>
		<V n="TEMPLATE IMAGE"></V>
		<V n="MIN_TYPES">0</V>
		<V n="MAX_TYPES">0</V>
		<V n="rules">&lt;in&gt;&lt;r id=&quot;20&quot; rs=&quot;6&quot; /&gt;&lt;/in&gt;&lt;out /&gt;</V>
		<F type="Minutes_Reference_ID" pos="0" min="0" max="0"/>
		<F type="Minutes_Entity_Name" pos="0" min="0" max="0"/>
		<F type="Minutes_Date" pos="0" min="0" max="0"/>
		<F type="Minutes_Type_of_Resolution" pos="0" min="0" max="0"/>
		<F type="Minutes_Subject" pos="0" min="0" max="0"/>
		<F type="Minutes_Remark" pos="0" min="0" max="0"/>
	</P>
	<P type="Minutes or Resolution Trail Page">
		<V n="ID">0</V>
		<V n="TYPE">Page</V>
		<V n="STATUS">0</V>
		<V n="IMAGEFILE"></V>
		<V n="DATAFILE"></V>
		<V n="TEMPLATE IMAGE"></V>
		<V n="MIN_TYPES">0</V>
		<V n="MAX_TYPES">0</V>
		<V n="rules">&lt;in&gt;&lt;r id=&quot;21&quot; rs=&quot;6&quot; /&gt;&lt;/in&gt;&lt;out /&gt;</V>
	</P>
	<P type="Account Review Form Page">
		<V n="ID">0</V>
		<V n="TYPE">Page</V>
		<V n="STATUS">0</V>
		<V n="IMAGEFILE"></V>
		<V n="DATAFILE"></V>
		<V n="TEMPLATE IMAGE"></V>
		<V n="MIN_TYPES">0</V>
		<V n="MAX_TYPES">0</V>
		<V n="rules">&lt;in&gt;&lt;r id=&quot;9&quot; rs=&quot;6&quot; /&gt;&lt;/in&gt;&lt;out /&gt;</V>
		<F type="SAM_CIF_No" pos="0" min="0" max="0"/>
		<F type="SAM_Group_Name" pos="0" min="0" max="0"/>
		<F type="SAM_Borrower_Name" pos="0" min="0" max="0"/>
		<F type="SAM_TIN_No" pos="0" min="0" max="0"/>
		<F type="SAM_Rescan" pos="0" min="0" max="0"/>
		<F type="SAM_Sequence" pos="0" min="0" max="0"/>
		<F type="SAM_Remarks" pos="0" min="0" max="0"/>
		<F type="SAM_Action_No" pos="0" min="0" max="0"/>
	</P>
	<P type="SAM Acc Rev Front Page">
		<V n="ID">0</V>
		<V n="TYPE">Page</V>
		<V n="STATUS">0</V>
		<V n="IMAGEFILE"></V>
		<V n="DATAFILE"></V>
		<V n="TEMPLATE IMAGE"></V>
		<V n="MIN_TYPES">0</V>
		<V n="MAX_TYPES">0</V>
		<V n="rules">&lt;in /&gt;&lt;out /&gt;</V>
		<F type="Batch_SAM_CIF_No" pos="0" min="0" max="0"/>
		<F type="Batch_SAM_Group_Name" pos="0" min="0" max="0"/>
		<F type="Batch_SAM_Borrower_Name" pos="0" min="0" max="0"/>
		<F type="Batch_SAM_TIN_No" pos="0" min="0" max="0"/>
		<F type="Batch_SAM_Remarks" pos="0" min="0" max="0"/>
		<F type="Batch_SAM_Sequence" pos="0" min="0" max="0"/>
		<F type="Batch_SAM_IsRescan" pos="0" min="0" max="0"/>
		<F type="Batch_SAM_Action_No" pos="0" min="0" max="0"/>
	</P>
	<P type="SAM Doc Type Page">
		<V n="ID">0</V>
		<V n="TYPE">Page</V>
		<V n="STATUS">0</V>
		<V n="IMAGEFILE"></V>
		<V n="DATAFILE"></V>
		<V n="TEMPLATE IMAGE"></V>
		<V n="MIN_TYPES">0</V>
		<V n="MAX_TYPES">0</V>
		<V n="rules">&lt;in /&gt;&lt;out /&gt;</V>
	</P>
	<P type="Proposal Disbursement Memo Page">
		<V n="ID">0</V>
		<V n="TYPE">Page</V>
		<V n="STATUS">0</V>
		<V n="IMAGEFILE"></V>
		<V n="DATAFILE"></V>
		<V n="TEMPLATE IMAGE"></V>
		<V n="MIN_TYPES">0</V>
		<V n="MAX_TYPES">0</V>
		<V n="rules">&lt;in&gt;&lt;r id=&quot;9&quot; rs=&quot;6&quot; /&gt;&lt;/in&gt;&lt;out /&gt;</V>
		<F type="SAM_Rescan" pos="0" min="0" max="0"/>
		<F type="SAM_Sequence" pos="0" min="0" max="0"/>
		<F type="SAM_Borrower_Name" pos="0" min="0" max="0"/>
		<F type="SAM_TIN_No" pos="0" min="0" max="0"/>
		<F type="SAM_Action_No" pos="0" min="0" max="0"/>
		<F type="SAM_Group_Name" pos="0" min="0" max="0"/>
		<F type="SAM_CIF_No" pos="0" min="0" max="0"/>
		<F type="SAM_Remarks" pos="0" min="0" max="0"/>
	</P>
	<P type="Security Page">
		<V n="ID">0</V>
		<V n="TYPE">Page</V>
		<V n="STATUS">0</V>
		<V n="IMAGEFILE"></V>
		<V n="DATAFILE"></V>
		<V n="TEMPLATE IMAGE"></V>
		<V n="MIN_TYPES">0</V>
		<V n="MAX_TYPES">0</V>
		<V n="rules">&lt;in&gt;&lt;r id=&quot;9&quot; rs=&quot;6&quot; /&gt;&lt;/in&gt;&lt;out /&gt;</V>
		<F type="SAM_Action_No" pos="0" min="0" max="0"/>
		<F type="SAM_CIF_No" pos="0" min="0" max="0"/>
		<F type="SAM_Group_Name" pos="0" min="0" max="0"/>
		<F type="SAM_Remarks" pos="0" min="0" max="0"/>
		<F type="SAM_Rescan" pos="0" min="0" max="0"/>
		<F type="SAM_Sequence" pos="0" min="0" max="0"/>
		<F type="SAM_TIN_No" pos="0" min="0" max="0"/>
		<F type="SAM_Borrower_Name" pos="0" min="0" max="0"/>
	</P>
	<P type="Correspondence External Page">
		<V n="ID">0</V>
		<V n="TYPE">Page</V>
		<V n="STATUS">0</V>
		<V n="IMAGEFILE"></V>
		<V n="DATAFILE"></V>
		<V n="TEMPLATE IMAGE"></V>
		<V n="MIN_TYPES">0</V>
		<V n="MAX_TYPES">0</V>
		<V n="rules">&lt;in&gt;&lt;r id=&quot;9&quot; rs=&quot;6&quot; /&gt;&lt;/in&gt;&lt;out /&gt;</V>
		<F type="SAM_Group_Name" pos="0" min="0" max="0"/>
		<F type="SAM_Borrower_Name" pos="0" min="0" max="0"/>
		<F type="SAM_Remarks" pos="0" min="0" max="0"/>
		<F type="SAM_Rescan" pos="0" min="0" max="0"/>
		<F type="SAM_Action_No" pos="0" min="0" max="0"/>
		<F type="SAM_Sequence" pos="0" min="0" max="0"/>
		<F type="SAM_CIF_No" pos="0" min="0" max="0"/>
		<F type="SAM_TIN_No" pos="0" min="0" max="0"/>
	</P>
	<P type="Correspondence Internal Page">
		<V n="ID">0</V>
		<V n="TYPE">Page</V>
		<V n="STATUS">0</V>
		<V n="IMAGEFILE"></V>
		<V n="DATAFILE"></V>
		<V n="TEMPLATE IMAGE"></V>
		<V n="MIN_TYPES">0</V>
		<V n="MAX_TYPES">0</V>
		<V n="rules">&lt;in&gt;&lt;r id=&quot;9&quot; rs=&quot;6&quot; /&gt;&lt;/in&gt;&lt;out /&gt;</V>
		<F type="SAM_Rescan" pos="0" min="0" max="0"/>
		<F type="SAM_Action_No" pos="0" min="0" max="0"/>
		<F type="SAM_CIF_No" pos="0" min="0" max="0"/>
		<F type="SAM_Borrower_Name" pos="0" min="0" max="0"/>
		<F type="SAM_Remarks" pos="0" min="0" max="0"/>
		<F type="SAM_TIN_No" pos="0" min="0" max="0"/>
		<F type="SAM_Sequence" pos="0" min="0" max="0"/>
		<F type="SAM_Group_Name" pos="0" min="0" max="0"/>
	</P>
	<P type="Miscellaneous Page">
		<V n="ID">0</V>
		<V n="TYPE">Page</V>
		<V n="STATUS">0</V>
		<V n="IMAGEFILE"></V>
		<V n="DATAFILE"></V>
		<V n="TEMPLATE IMAGE"></V>
		<V n="MIN_TYPES">0</V>
		<V n="MAX_TYPES">0</V>
		<V n="rules">&lt;in&gt;&lt;r id=&quot;9&quot; rs=&quot;6&quot; /&gt;&lt;/in&gt;&lt;out /&gt;</V>
		<F type="SAM_CIF_No" pos="0" min="0" max="0"/>
		<F type="SAM_TIN_No" pos="0" min="0" max="0"/>
		<F type="SAM_Remarks" pos="0" min="0" max="0"/>
		<F type="SAM_Rescan" pos="0" min="0" max="0"/>
		<F type="SAM_Action_No" pos="0" min="0" max="0"/>
		<F type="SAM_Sequence" pos="0" min="0" max="0"/>
		<F type="SAM_Group_Name" pos="0" min="0" max="0"/>
		<F type="SAM_Borrower_Name" pos="0" min="0" max="0"/>
	</P>
	<P type="Bankruptcy Record Page">
		<V n="ID">0</V>
		<V n="TYPE">Page</V>
		<V n="STATUS">0</V>
		<V n="IMAGEFILE"></V>
		<V n="DATAFILE"></V>
		<V n="TEMPLATE IMAGE"></V>
		<V n="MIN_TYPES">0</V>
		<V n="MAX_TYPES">0</V>
		<V n="rules">&lt;in&gt;&lt;r id=&quot;9&quot; rs=&quot;6&quot; /&gt;&lt;/in&gt;&lt;out /&gt;</V>
		<F type="SAM_CIF_No" pos="0" min="0" max="0"/>
		<F type="SAM_Borrower_Name" pos="0" min="0" max="0"/>
		<F type="SAM_TIN_No" pos="0" min="0" max="0"/>
		<F type="SAM_Group_Name" pos="0" min="0" max="0"/>
		<F type="SAM_Action_No" pos="0" min="0" max="0"/>
		<F type="SAM_Rescan" pos="0" min="0" max="0"/>
		<F type="SAM_Sequence" pos="0" min="0" max="0"/>
		<F type="SAM_Remarks" pos="0" min="0" max="0"/>
	</P>
	<P type="HKMC Page">
		<V n="ID">0</V>
		<V n="TYPE">Page</V>
		<V n="STATUS">0</V>
		<V n="IMAGEFILE"></V>
		<V n="DATAFILE"></V>
		<V n="TEMPLATE IMAGE"></V>
		<V n="MIN_TYPES">0</V>
		<V n="MAX_TYPES">0</V>
		<V n="rules">&lt;in&gt;&lt;r id=&quot;9&quot; rs=&quot;6&quot; /&gt;&lt;/in&gt;&lt;out /&gt;</V>
		<F type="SAM_CIF_No" pos="0" min="0" max="0"/>
		<F type="SAM_Borrower_Name" pos="0" min="0" max="0"/>
		<F type="SAM_TIN_No" pos="0" min="0" max="0"/>
		<F type="SAM_Group_Name" pos="0" min="0" max="0"/>
		<F type="SAM_Action_No" pos="0" min="0" max="0"/>
		<F type="SAM_Rescan" pos="0" min="0" max="0"/>
		<F type="SAM_Sequence" pos="0" min="0" max="0"/>
		<F type="SAM_Remarks" pos="0" min="0" max="0"/>
	</P>
	<P type="TID Claims Page">
		<V n="ID">0</V>
		<V n="TYPE">Page</V>
		<V n="STATUS">0</V>
		<V n="IMAGEFILE"></V>
		<V n="DATAFILE"></V>
		<V n="TEMPLATE IMAGE"></V>
		<V n="MIN_TYPES">0</V>
		<V n="MAX_TYPES">0</V>
		<V n="rules">&lt;in&gt;&lt;r id=&quot;9&quot; rs=&quot;6&quot; /&gt;&lt;/in&gt;&lt;out /&gt;</V>
		<F type="SAM_Remarks" pos="0" min="0" max="0"/>
		<F type="SAM_Action_No" pos="0" min="0" max="0"/>
		<F type="SAM_CIF_No" pos="0" min="0" max="0"/>
		<F type="SAM_Group_Name" pos="0" min="0" max="0"/>
		<F type="SAM_Rescan" pos="0" min="0" max="0"/>
		<F type="SAM_Sequence" pos="0" min="0" max="0"/>
		<F type="SAM_TIN_No" pos="0" min="0" max="0"/>
		<F type="SAM_Borrower_Name" pos="0" min="0" max="0"/>
	</P>
	<P type="Other 1">
		<V n="ID">0</V>
		<V n="TYPE">Page</V>
		<V n="STATUS">0</V>
		<V n="IMAGEFILE"></V>
		<V n="DATAFILE"></V>
		<V n="TEMPLATE IMAGE"></V>
		<V n="MIN_TYPES">0</V>
		<V n="MAX_TYPES">0</V>
		<V n="rules">&lt;in&gt;&lt;r id=&quot;9&quot; rs=&quot;6&quot; /&gt;&lt;/in&gt;&lt;out /&gt;</V>
		<F type="SAM_Action_No" pos="0" min="0" max="0"/>
		<F type="SAM_Remarks" pos="0" min="0" max="0"/>
		<F type="SAM_Rescan" pos="0" min="0" max="0"/>
		<F type="SAM_TIN_No" pos="0" min="0" max="0"/>
		<F type="SAM_CIF_No" pos="0" min="0" max="0"/>
		<F type="SAM_Sequence" pos="0" min="0" max="0"/>
		<F type="SAM_Group_Name" pos="0" min="0" max="0"/>
		<F type="SAM_Borrower_Name" pos="0" min="0" max="0"/>
	</P>
	<P type="Other 2">
		<V n="ID">0</V>
		<V n="TYPE">Page</V>
		<V n="STATUS">0</V>
		<V n="IMAGEFILE"></V>
		<V n="DATAFILE"></V>
		<V n="TEMPLATE IMAGE"></V>
		<V n="MIN_TYPES">0</V>
		<V n="MAX_TYPES">0</V>
		<V n="rules">&lt;in&gt;&lt;r id=&quot;9&quot; rs=&quot;6&quot; /&gt;&lt;/in&gt;&lt;out /&gt;</V>
		<F type="SAM_Action_No" pos="0" min="0" max="0"/>
		<F type="SAM_Remarks" pos="0" min="0" max="0"/>
		<F type="SAM_Rescan" pos="0" min="0" max="0"/>
		<F type="SAM_TIN_No" pos="0" min="0" max="0"/>
		<F type="SAM_CIF_No" pos="0" min="0" max="0"/>
		<F type="SAM_Sequence" pos="0" min="0" max="0"/>
		<F type="SAM_Group_Name" pos="0" min="0" max="0"/>
		<F type="SAM_Borrower_Name" pos="0" min="0" max="0"/>
	</P>
	<P type="Other 3">
		<V n="ID">0</V>
		<V n="TYPE">Page</V>
		<V n="STATUS">0</V>
		<V n="IMAGEFILE"></V>
		<V n="DATAFILE"></V>
		<V n="TEMPLATE IMAGE"></V>
		<V n="MIN_TYPES">0</V>
		<V n="MAX_TYPES">0</V>
		<V n="rules">&lt;in&gt;&lt;r id=&quot;9&quot; rs=&quot;6&quot; /&gt;&lt;/in&gt;&lt;out /&gt;</V>
		<F type="SAM_Action_No" pos="0" min="0" max="0"/>
		<F type="SAM_Remarks" pos="0" min="0" max="0"/>
		<F type="SAM_Rescan" pos="0" min="0" max="0"/>
		<F type="SAM_TIN_No" pos="0" min="0" max="0"/>
		<F type="SAM_CIF_No" pos="0" min="0" max="0"/>
		<F type="SAM_Sequence" pos="0" min="0" max="0"/>
		<F type="SAM_Group_Name" pos="0" min="0" max="0"/>
		<F type="SAM_Borrower_Name" pos="0" min="0" max="0"/>
	</P>
	<P type="NN6 Trail Page">
		<V n="ID">0</V>
		<V n="TYPE">Page</V>
		<V n="STATUS">0</V>
		<V n="IMAGEFILE"></V>
		<V n="DATAFILE"></V>
		<V n="TEMPLATE IMAGE"></V>
		<V n="MIN_TYPES">0</V>
		<V n="MAX_TYPES">0</V>
		<V n="rules">&lt;in&gt;&lt;r id=&quot;22&quot; rs=&quot;6&quot; /&gt;&lt;/in&gt;&lt;out /&gt;</V>
	</P>
	<P type="ComSec Agreement Cover Page">
		<V n="ID">0</V>
		<V n="TYPE">Page</V>
		<V n="STATUS">0</V>
		<V n="IMAGEFILE"></V>
		<V n="DATAFILE"></V>
		<V n="TEMPLATE IMAGE"></V>
		<V n="MIN_TYPES">0</V>
		<V n="MAX_TYPES">0</V>
		<V n="rules">&lt;in /&gt;&lt;out /&gt;</V>
		<F type="Agreement_Entity_Name" pos="0" min="0" max="0"/>
		<F type="Agreement_Date" pos="0" min="0" max="0"/>
		<F type="Agreement_Document_Nature" pos="0" min="0" max="0"/>
		<F type="Agreement_Unit_Owner" pos="0" min="0" max="0"/>
		<F type="Agreement_Issued_Relevant_Parties" pos="0" min="0" max="0"/>
		<F type="Agreement_Remark" pos="0" min="0" max="0"/>
		<F type="Agreement_Sequence" pos="0" min="0" max="0"/>
	</P>
	<P type="Agreement Page">
		<V n="ID">0</V>
		<V n="TYPE">Page</V>
		<V n="STATUS">0</V>
		<V n="IMAGEFILE"></V>
		<V n="DATAFILE"></V>
		<V n="TEMPLATE IMAGE"></V>
		<V n="MIN_TYPES">0</V>
		<V n="MAX_TYPES">0</V>
		<V n="rules">&lt;in&gt;&lt;r id=&quot;23&quot; rs=&quot;6&quot; /&gt;&lt;/in&gt;&lt;out /&gt;</V>
	</P>
	<P type="Corresponding Page">
		<V n="ID">0</V>
		<V n="TYPE">Page</V>
		<V n="STATUS">0</V>
		<V n="IMAGEFILE"></V>
		<V n="DATAFILE"></V>
		<V n="TEMPLATE IMAGE"></V>
		<V n="MIN_TYPES">0</V>
		<V n="MAX_TYPES">0</V>
		<V n="rules">&lt;in /&gt;&lt;out /&gt;</V>
		<F type="Corresponding_Entity_name" pos="0" min="0" max="0"/>
		<F type="Corresponding_Date" pos="0" min="0" max="0"/>
		<F type="Corresponding_Sender" pos="0" min="0" max="0"/>
		<F type="Corresponding_Recipients" pos="0" min="0" max="0"/>
		<F type="Corresponding_Subject" pos="0" min="0" max="0"/>
		<F type="Corresponding_Month" pos="0" min="0" max="0"/>
		<F type="Field1" pos="0" min="0" max="0"/>
	</P>
	<P type="Corresponding Trail Page">
		<V n="ID">0</V>
		<V n="TYPE">Page</V>
		<V n="STATUS">0</V>
		<V n="IMAGEFILE"></V>
		<V n="DATAFILE"></V>
		<V n="TEMPLATE IMAGE"></V>
		<V n="MIN_TYPES">0</V>
		<V n="MAX_TYPES">0</V>
		<V n="rules">&lt;in /&gt;&lt;out /&gt;</V>
	</P>
	<F type="NN6_Entity_Name">
		<V n="ID">0</V>
		<V n="TYPE">Field</V>
		<V n="STATUS">0</V>
		<V n="Position">0,0,0,0</V>
		<V n="MIN_TYPES">0</V>
		<V n="MAX_TYPES">0</V>
		<V n="length">150</V>
		<V n="ReqConf">8</V>
		<V n="rules">&lt;in&gt;&lt;r id=&quot;1&quot; rs=&quot;5&quot; /&gt;&lt;/in&gt;&lt;out /&gt;</V>
	</F>
	<F type="NN6_Surname">
		<V n="ID">0</V>
		<V n="TYPE">Field</V>
		<V n="STATUS">0</V>
		<V n="Position">0,0,0,0</V>
		<V n="MIN_TYPES">0</V>
		<V n="MAX_TYPES">0</V>
		<V n="length">150</V>
		<V n="ReqConf">8</V>
		<V n="rules">&lt;in&gt;&lt;r id=&quot;3&quot; rs=&quot;5&quot; /&gt;&lt;/in&gt;&lt;out /&gt;</V>
	</F>
	<F type="NN6_Othername">
		<V n="ID">0</V>
		<V n="TYPE">Field</V>
		<V n="STATUS">0</V>
		<V n="Position">0,0,0,0</V>
		<V n="MIN_TYPES">0</V>
		<V n="MAX_TYPES">0</V>
		<V n="length">150</V>
		<V n="ReqConf">8</V>
		<V n="rules">&lt;in&gt;&lt;r id=&quot;4&quot; rs=&quot;5&quot; /&gt;&lt;/in&gt;&lt;out /&gt;</V>
	</F>
	<F type="NN6_Cessation_Date">
		<V n="ID">0</V>
		<V n="TYPE">Field</V>
		<V n="STATUS">0</V>
		<V n="Position">0,0,0,0</V>
		<V n="MIN_TYPES">0</V>
		<V n="MAX_TYPES">0</V>
		<V n="length"></V>
		<V n="ReqConf">8</V>
		<V n="rules">&lt;in&gt;&lt;r id=&quot;2&quot; rs=&quot;5&quot; /&gt;&lt;/in&gt;&lt;out /&gt;</V>
	</F>
	<F type="NN6_Appointment_Date">
		<V n="ID">0</V>
		<V n="TYPE">Field</V>
		<V n="STATUS">0</V>
		<V n="Position">0,0,0,0</V>
		<V n="MIN_TYPES">0</V>
		<V n="MAX_TYPES">0</V>
		<V n="length"></V>
		<V n="ReqConf">8</V>
		<V n="rules">&lt;in&gt;&lt;r id=&quot;5&quot; rs=&quot;5&quot; /&gt;&lt;/in&gt;&lt;out /&gt;</V>
	</F>
	<F type="NN7_Form_Name">
		<V n="ID">0</V>
		<V n="TYPE">Field</V>
		<V n="STATUS">0</V>
		<V n="Position">0,0,0,0</V>
		<V n="MIN_TYPES">0</V>
		<V n="MAX_TYPES">0</V>
		<V n="length">150</V>
		<V n="ReqConf">8</V>
		<V n="rules">&lt;in&gt;&lt;r id=&quot;46&quot; rs=&quot;5&quot; /&gt;&lt;/in&gt;&lt;out /&gt;</V>
		<V n="Default_Position">1826,176,2310,288</V>
		<V n="cnet_recogType">ICR Field</V>
	</F>
	<F type="NN7_Entity_Name">
		<V n="ID">0</V>
		<V n="TYPE">Field</V>
		<V n="STATUS">0</V>
		<V n="Position">0,0,0,0</V>
		<V n="MIN_TYPES">0</V>
		<V n="MAX_TYPES">0</V>
		<V n="length">150</V>
		<V n="ReqConf">8</V>
		<V n="rules">&lt;in&gt;&lt;r id=&quot;1&quot; rs=&quot;5&quot; /&gt;&lt;/in&gt;&lt;out /&gt;</V>
		<V n="Default_Position">312,966,2321,1190</V>
		<V n="cnet_recogType">ICR Field</V>
		<V n="hr_locale">zh-TW</V>
	</F>
	<F type="NN7_Surname">
		<V n="ID">0</V>
		<V n="TYPE">Field</V>
		<V n="STATUS">0</V>
		<V n="Position">0,0,0,0</V>
		<V n="MIN_TYPES">0</V>
		<V n="MAX_TYPES">0</V>
		<V n="length">150</V>
		<V n="ReqConf">8</V>
		<V n="rules">&lt;in&gt;&lt;r id=&quot;47&quot; rs=&quot;5&quot; /&gt;&lt;/in&gt;&lt;out /&gt;</V>
		<V n="Default_Position">330,948,1844,1060</V>
	</F>
	<F type="NN7_Othername">
		<V n="ID">0</V>
		<V n="TYPE">Field</V>
		<V n="STATUS">0</V>
		<V n="Position">0,0,0,0</V>
		<V n="MIN_TYPES">0</V>
		<V n="MAX_TYPES">0</V>
		<V n="length">150</V>
		<V n="ReqConf">8</V>
		<V n="rules">&lt;in&gt;&lt;r id=&quot;48&quot; rs=&quot;5&quot; /&gt;&lt;/in&gt;&lt;out /&gt;</V>
		<V n="Default_Position">330,1119,1850,1220</V>
	</F>
	<F type="NN7_Effective_Date">
		<V n="ID">0</V>
		<V n="TYPE">Field</V>
		<V n="STATUS">0</V>
		<V n="Position">0,0,0,0</V>
		<V n="MIN_TYPES">0</V>
		<V n="MAX_TYPES">0</V>
		<V n="length"></V>
		<V n="ReqConf">8</V>
		<V n="rules">&lt;in /&gt;&lt;out /&gt;</V>
		<V n="Default_Position">1885,948,2351,1055</V>
	</F>
	<F type="NN7_Address">
		<V n="ID">0</V>
		<V n="TYPE">Field</V>
		<V n="STATUS">0</V>
		<V n="Position">0,0,0,0</V>
		<V n="MIN_TYPES">0</V>
		<V n="MAX_TYPES">0</V>
		<V n="length"></V>
		<V n="ReqConf">8</V>
		<V n="rules">&lt;in&gt;&lt;r id=&quot;32&quot; rs=&quot;5&quot; /&gt;&lt;/in&gt;&lt;out /&gt;</V>
		<V n="Default_Position">330,1815,1862,2151</V>
	</F>
	<F type="NN7_Email">
		<V n="ID">0</V>
		<V n="TYPE">Field</V>
		<V n="STATUS">0</V>
		<V n="Position">0,0,0,0</V>
		<V n="MIN_TYPES">0</V>
		<V n="MAX_TYPES">0</V>
		<V n="length"></V>
		<V n="ReqConf">8</V>
		<V n="rules">&lt;in&gt;&lt;r id=&quot;27&quot; rs=&quot;5&quot; /&gt;&lt;/in&gt;&lt;out /&gt;</V>
		<V n="Default_Position">341,2357,1862,2487</V>
	</F>
	<F type="NN7_HKID">
		<V n="ID">0</V>
		<V n="TYPE">Field</V>
		<V n="STATUS">0</V>
		<V n="Position">0,0,0,0</V>
		<V n="MIN_TYPES">0</V>
		<V n="MAX_TYPES">0</V>
		<V n="length"></V>
		<V n="ReqConf">8</V>
		<V n="rules">&lt;in&gt;&lt;r id=&quot;28&quot; rs=&quot;5&quot; /&gt;&lt;/in&gt;&lt;out /&gt;</V>
		<V n="Default_Position">359,2587,1879,2711</V>
	</F>
	<F type="NN7_Passport_Issuing_Country">
		<V n="ID">0</V>
		<V n="TYPE">Field</V>
		<V n="STATUS">0</V>
		<V n="Position">0,0,0,0</V>
		<V n="MIN_TYPES">0</V>
		<V n="MAX_TYPES">0</V>
		<V n="length"></V>
		<V n="ReqConf">8</V>
		<V n="rules">&lt;in&gt;&lt;r id=&quot;29&quot; rs=&quot;5&quot; /&gt;&lt;/in&gt;&lt;out /&gt;</V>
		<V n="Default_Position">330,2799,1832,2905</V>
	</F>
	<F type="NN7_Passport_Effective_Date">
		<V n="ID">0</V>
		<V n="TYPE">Field</V>
		<V n="STATUS">0</V>
		<V n="Position">0,0,0,0</V>
		<V n="MIN_TYPES">0</V>
		<V n="MAX_TYPES">0</V>
		<V n="length"></V>
		<V n="ReqConf">8</V>
		<V n="rules">&lt;in&gt;&lt;r id=&quot;33&quot; rs=&quot;5&quot; /&gt;&lt;/in&gt;&lt;out /&gt;</V>
		<V n="Default_Position">1850,2805,2357,2905</V>
	</F>
	<F type="NN7_Passport_Number">
		<V n="ID">0</V>
		<V n="TYPE">Field</V>
		<V n="STATUS">0</V>
		<V n="Position">0,0,0,0</V>
		<V n="MIN_TYPES">0</V>
		<V n="MAX_TYPES">0</V>
		<V n="length"></V>
		<V n="ReqConf">8</V>
		<V n="rules">&lt;in&gt;&lt;r id=&quot;30&quot; rs=&quot;5&quot; /&gt;&lt;/in&gt;&lt;out /&gt;</V>
		<V n="Default_Position">335,2958,1820,3064</V>
	</F>
	<F type="Name">
		<V n="ID">0</V>
		<V n="TYPE">Field</V>
		<V n="STATUS">0</V>
		<V n="Position">0,0,0,0</V>
		<V n="MIN_TYPES">0</V>
		<V n="MAX_TYPES">0</V>
		<V n="length"></V>
		<V n="ReqConf">8</V>
		<V n="rules">&lt;in&gt;&lt;r id=&quot;9&quot; rs=&quot;13&quot; /&gt;&lt;/in&gt;&lt;out /&gt;</V>
		<V n="Default_Position">512,462,1794,586</V>
	</F>
	<F type="Contact_No">
		<V n="ID">0</V>
		<V n="TYPE">Field</V>
		<V n="STATUS">0</V>
		<V n="Position">0,0,0,0</V>
		<V n="MIN_TYPES">0</V>
		<V n="MAX_TYPES">0</V>
		<V n="length"></V>
		<V n="ReqConf">8</V>
		<V n="rules">&lt;in /&gt;&lt;out /&gt;</V>
		<V n="Default_Position">426,596,1048,686</V>
	</F>
	<F type="ID_No">
		<V n="ID">0</V>
		<V n="TYPE">Field</V>
		<V n="STATUS">0</V>
		<V n="Position">0,0,0,0</V>
		<V n="MIN_TYPES">0</V>
		<V n="MAX_TYPES">0</V>
		<V n="length"></V>
		<V n="ReqConf">8</V>
		<V n="rules">&lt;in /&gt;&lt;out /&gt;</V>
		<V n="Default_Position">1497,599,2160,709</V>
	</F>
	<F type="Staff_Name">
		<V n="ID">0</V>
		<V n="TYPE">Field</V>
		<V n="STATUS">0</V>
		<V n="Position">0,0,0,0</V>
		<V n="MIN_TYPES">0</V>
		<V n="MAX_TYPES">0</V>
		<V n="length"></V>
		<V n="ReqConf">8</V>
		<V n="rules">&lt;in /&gt;&lt;out /&gt;</V>
		<V n="Default_Position">1468,2471,1854,2668</V>
	</F>
	<F type="Date">
		<V n="ID">0</V>
		<V n="TYPE">Field</V>
		<V n="STATUS">0</V>
		<V n="Position">0,0,0,0</V>
		<V n="MIN_TYPES">0</V>
		<V n="MAX_TYPES">0</V>
		<V n="length"></V>
		<V n="ReqConf">8</V>
		<V n="rules">&lt;in /&gt;&lt;out /&gt;</V>
		<V n="Default_Position">2017,2465,2330,2678</V>
	</F>
	<F type="Br_Code">
		<V n="ID">0</V>
		<V n="TYPE">Field</V>
		<V n="STATUS">0</V>
		<V n="Position">0,0,0,0</V>
		<V n="MIN_TYPES">0</V>
		<V n="MAX_TYPES">0</V>
		<V n="length"></V>
		<V n="ReqConf">8</V>
		<V n="rules">&lt;in /&gt;&lt;out /&gt;</V>
		<V n="Default_Position">393,2764,722,2861</V>
	</F>
	<F type="Staff_Phone_No">
		<V n="ID">0</V>
		<V n="TYPE">Field</V>
		<V n="STATUS">0</V>
		<V n="Position">0,0,0,0</V>
		<V n="MIN_TYPES">0</V>
		<V n="MAX_TYPES">0</V>
		<V n="length"></V>
		<V n="ReqConf">8</V>
		<V n="rules">&lt;in /&gt;&lt;out /&gt;</V>
		<V n="Default_Position">1957,2751,2256,2894</V>
	</F>
	<F type="Officer_Name_Code">
		<V n="ID">0</V>
		<V n="TYPE">Field</V>
		<V n="STATUS">0</V>
		<V n="Position">0,0,0,0</V>
		<V n="MIN_TYPES">0</V>
		<V n="MAX_TYPES">0</V>
		<V n="length"></V>
		<V n="ReqConf">8</V>
		<V n="rules">&lt;in /&gt;&lt;out /&gt;</V>
		<V n="Default_Position">489,2874,1215,2968</V>
	</F>
	<F type="Checker">
		<V n="ID">0</V>
		<V n="TYPE">Field</V>
		<V n="STATUS">0</V>
		<V n="Position">0,0,0,0</V>
		<V n="MIN_TYPES">0</V>
		<V n="MAX_TYPES">0</V>
		<V n="length"></V>
		<V n="ReqConf">8</V>
		<V n="rules">&lt;in /&gt;&lt;out /&gt;</V>
		<V n="Default_Position">452,2988,998,3164</V>
	</F>
	<F type="Recording_Start_Time">
		<V n="ID">0</V>
		<V n="TYPE">Field</V>
		<V n="STATUS">0</V>
		<V n="Position">0,0,0,0</V>
		<V n="MIN_TYPES">0</V>
		<V n="MAX_TYPES">0</V>
		<V n="length"></V>
		<V n="ReqConf">8</V>
		<V n="rules">&lt;in /&gt;&lt;out /&gt;</V>
		<V n="Default_Position">1464,3018,1734,3131</V>
	</F>
	<F type="Ext_No">
		<V n="ID">0</V>
		<V n="TYPE">Field</V>
		<V n="STATUS">0</V>
		<V n="Position">0,0,0,0</V>
		<V n="MIN_TYPES">0</V>
		<V n="MAX_TYPES">0</V>
		<V n="length"></V>
		<V n="ReqConf">8</V>
		<V n="rules">&lt;in /&gt;&lt;out /&gt;</V>
		<V n="Default_Position">1947,3024,2236,3134</V>
	</F>
	<F type="Yes">
		<V n="ID">0</V>
		<V n="TYPE">Field</V>
		<V n="STATUS">0</V>
		<V n="Position">0,0,0,0</V>
		<V n="MIN_TYPES">0</V>
		<V n="MAX_TYPES">0</V>
		<V n="length"></V>
		<V n="ReqConf">8</V>
		<V n="Default_Position">266,1256,296,1286</V>
		<V n="rules">&lt;in /&gt;&lt;out /&gt;</V>
	</F>
	<F type="No">
		<V n="ID">0</V>
		<V n="TYPE">Field</V>
		<V n="STATUS">0</V>
		<V n="Position">0,0,0,0</V>
		<V n="MIN_TYPES">0</V>
		<V n="MAX_TYPES">0</V>
		<V n="length"></V>
		<V n="ReqConf">8</V>
		<V n="Default_Position">270,1375,297,1407</V>
		<V n="rules">&lt;in /&gt;&lt;out /&gt;</V>
	</F>
	<F type="Request_For_Invest">
		<V n="ID">0</V>
		<V n="TYPE">Field</V>
		<V n="STATUS">0</V>
		<V n="Position">0,0,0,0</V>
		<V n="MIN_TYPES">0</V>
		<V n="MAX_TYPES">0</V>
		<V n="length"></V>
		<V n="ReqConf">8</V>
		<V n="rules">&lt;in&gt;&lt;r id=&quot;10&quot; rs=&quot;13&quot; /&gt;&lt;/in&gt;&lt;out /&gt;</V>
		<V n="RecogType">4</V>
		<V n="Default_Position">135,875,2134,1134</V>
		<V n="OMRType">0</V>
		<V n="DICT">RequestForInvest</V>
		<F type="All_Invest" pos="0" min="0" max="0"/>
		<F type="All_Insurance" pos="0" min="0" max="0"/>
		<F type="Market_Update" pos="0" min="0" max="0"/>
		<F type="All" pos="0" min="0" max="0"/>
		<F type="Request_For_Invest_OMR1" pos="0" min="0" max="0"/>
		<F type="Request_For_Invest_OMR2" pos="0" min="0" max="0"/>
		<F type="Request_For_Invest_OMR3" pos="0" min="0" max="0"/>
		<F type="Request_For_Invest_OMR4" pos="0" min="0" max="0"/>
	</F>
	<F type="All_Invest">
		<V n="ID">0</V>
		<V n="TYPE">Field</V>
		<V n="STATUS">0</V>
		<V n="Position">0,0,0,0</V>
		<V n="MIN_TYPES">0</V>
		<V n="MAX_TYPES">0</V>
		<V n="length"></V>
		<V n="ReqConf">8</V>
		<V n="rules">&lt;in /&gt;&lt;out /&gt;</V>
		<V n="Default_Position">264,915,298,944</V>
	</F>
	<F type="All_Insurance">
		<V n="ID">0</V>
		<V n="TYPE">Field</V>
		<V n="STATUS">0</V>
		<V n="Position">0,0,0,0</V>
		<V n="MIN_TYPES">0</V>
		<V n="MAX_TYPES">0</V>
		<V n="length"></V>
		<V n="ReqConf">8</V>
		<V n="rules">&lt;in /&gt;&lt;out /&gt;</V>
		<V n="Default_Position">271,968,302,997</V>
	</F>
	<F type="Market_Update">
		<V n="ID">0</V>
		<V n="TYPE">Field</V>
		<V n="STATUS">0</V>
		<V n="Position">0,0,0,0</V>
		<V n="MIN_TYPES">0</V>
		<V n="MAX_TYPES">0</V>
		<V n="length"></V>
		<V n="ReqConf">8</V>
		<V n="rules">&lt;in /&gt;&lt;out /&gt;</V>
		<V n="Default_Position">268,1031,298,1053</V>
	</F>
	<F type="All">
		<V n="ID">0</V>
		<V n="TYPE">Field</V>
		<V n="STATUS">0</V>
		<V n="Position">0,0,0,0</V>
		<V n="MIN_TYPES">0</V>
		<V n="MAX_TYPES">0</V>
		<V n="length"></V>
		<V n="ReqConf">8</V>
		<V n="rules">&lt;in /&gt;&lt;out /&gt;</V>
		<V n="Default_Position">268,1084,295,1109</V>
	</F>
	<F type="Direct_Marketing_Opt_In">
		<V n="ID">0</V>
		<V n="TYPE">Field</V>
		<V n="STATUS">0</V>
		<V n="Position">0,0,0,0</V>
		<V n="MIN_TYPES">0</V>
		<V n="MAX_TYPES">0</V>
		<V n="length"></V>
		<V n="ReqConf">8</V>
		<V n="Default_Position">173,1769,401,2101</V>
		<V n="rules">&lt;in&gt;&lt;r id=&quot;10&quot; rs=&quot;13&quot; /&gt;&lt;/in&gt;&lt;out /&gt;</V>
		<V n="RecogType">4</V>
		<V n="DICT">DirectMarketingOptIn</V>
		<V n="OMRType">0</V>
		<F type="I wish the Bank to use my personal data in direct marketing" pos="0" min="0" max="0"/>
		<F type="I wish the Bank to provide my personal data to other persons" pos="0" min="0" max="0"/>
		<F type="Direct_Marketing_Opt_In_OMR1" pos="0" min="0" max="0"/>
		<F type="Direct_Marketing_Opt_In_OMR2" pos="0" min="0" max="0"/>
	</F>
	<F type="I wish the Bank to use my personal data in direct marketing">
		<V n="ID">0</V>
		<V n="TYPE">Field</V>
		<V n="STATUS">0</V>
		<V n="Position">0,0,0,0</V>
		<V n="MIN_TYPES">0</V>
		<V n="MAX_TYPES">0</V>
		<V n="length"></V>
		<V n="ReqConf">8</V>
		<V n="Default_Position">270,1820,302,1852</V>
		<V n="rules">&lt;in /&gt;&lt;out /&gt;</V>
	</F>
	<F type="I wish the Bank to provide my personal data to other persons">
		<V n="ID">0</V>
		<V n="TYPE">Field</V>
		<V n="STATUS">0</V>
		<V n="Position">0,0,0,0</V>
		<V n="MIN_TYPES">0</V>
		<V n="MAX_TYPES">0</V>
		<V n="length"></V>
		<V n="ReqConf">8</V>
		<V n="Default_Position">273,1983,307,2007</V>
		<V n="rules">&lt;in /&gt;&lt;out /&gt;</V>
	</F>
	<F type="Use_of_Deposit_Info">
		<V n="ID">0</V>
		<V n="TYPE">Field</V>
		<V n="STATUS">0</V>
		<V n="Position">0,0,0,0</V>
		<V n="MIN_TYPES">0</V>
		<V n="MAX_TYPES">0</V>
		<V n="length"></V>
		<V n="ReqConf">8</V>
		<V n="rules">&lt;in&gt;&lt;r id=&quot;10&quot; rs=&quot;13&quot; /&gt;&lt;/in&gt;&lt;out /&gt;</V>
		<V n="Default_Position">134,1214,347,1474</V>
		<V n="OMRType">0</V>
		<V n="RecogType">4</V>
		<V n="DICT">UseDepositInfo</V>
		<F type="I agree to allow the Bank to access" pos="0" min="0" max="0"/>
		<F type="I do not wish for the bank to access" pos="0" min="0" max="0"/>
		<F type="Use_of_Deposit_Info_OMR1" pos="0" min="0" max="0"/>
		<F type="Use_of_Deposit_Info_OMR2" pos="0" min="0" max="0"/>
	</F>
	<F type="I agree to allow the Bank to access">
		<V n="ID">0</V>
		<V n="TYPE">Field</V>
		<V n="STATUS">0</V>
		<V n="Position">0,0,0,0</V>
		<V n="MIN_TYPES">0</V>
		<V n="MAX_TYPES">0</V>
		<V n="length"></V>
		<V n="ReqConf">8</V>
		<V n="rules">&lt;in /&gt;&lt;out /&gt;</V>
		<V n="Default_Position">271,1257,301,1294</V>
	</F>
	<F type="I do not wish for the bank to access">
		<V n="ID">0</V>
		<V n="TYPE">Field</V>
		<V n="STATUS">0</V>
		<V n="Position">0,0,0,0</V>
		<V n="MIN_TYPES">0</V>
		<V n="MAX_TYPES">0</V>
		<V n="length"></V>
		<V n="ReqConf">8</V>
		<V n="rules">&lt;in /&gt;&lt;out /&gt;</V>
		<V n="Default_Position">271,1380,304,1417</V>
	</F>
	<F type="Request_For_Invest_OMR1">
		<V n="ID">0</V>
		<V n="TYPE">Field</V>
		<V n="STATUS">0</V>
		<V n="Position">0,0,0,0</V>
		<V n="MIN_TYPES">0</V>
		<V n="MAX_TYPES">0</V>
		<V n="length"></V>
		<V n="ReqConf">8</V>
		<V n="rules">&lt;in /&gt;&lt;out /&gt;</V>
	</F>
	<F type="Request_For_Invest_OMR2">
		<V n="ID">0</V>
		<V n="TYPE">Field</V>
		<V n="STATUS">0</V>
		<V n="Position">0,0,0,0</V>
		<V n="MIN_TYPES">0</V>
		<V n="MAX_TYPES">0</V>
		<V n="length"></V>
		<V n="ReqConf">8</V>
		<V n="rules">&lt;in /&gt;&lt;out /&gt;</V>
	</F>
	<F type="Request_For_Invest_OMR3">
		<V n="ID">0</V>
		<V n="TYPE">Field</V>
		<V n="STATUS">0</V>
		<V n="Position">0,0,0,0</V>
		<V n="MIN_TYPES">0</V>
		<V n="MAX_TYPES">0</V>
		<V n="length"></V>
		<V n="ReqConf">8</V>
		<V n="rules">&lt;in /&gt;&lt;out /&gt;</V>
	</F>
	<F type="Request_For_Invest_OMR4">
		<V n="ID">0</V>
		<V n="TYPE">Field</V>
		<V n="STATUS">0</V>
		<V n="Position">0,0,0,0</V>
		<V n="MIN_TYPES">0</V>
		<V n="MAX_TYPES">0</V>
		<V n="length"></V>
		<V n="ReqConf">8</V>
		<V n="rules">&lt;in /&gt;&lt;out /&gt;</V>
	</F>
	<F type="Use_of_Deposit_Info_OMR1">
		<V n="ID">0</V>
		<V n="TYPE">Field</V>
		<V n="STATUS">0</V>
		<V n="Position">0,0,0,0</V>
		<V n="MIN_TYPES">0</V>
		<V n="MAX_TYPES">0</V>
		<V n="length"></V>
		<V n="ReqConf">8</V>
		<V n="rules">&lt;in /&gt;&lt;out /&gt;</V>
	</F>
	<F type="Use_of_Deposit_Info_OMR2">
		<V n="ID">0</V>
		<V n="TYPE">Field</V>
		<V n="STATUS">0</V>
		<V n="Position">0,0,0,0</V>
		<V n="MIN_TYPES">0</V>
		<V n="MAX_TYPES">0</V>
		<V n="length"></V>
		<V n="ReqConf">8</V>
		<V n="rules">&lt;in /&gt;&lt;out /&gt;</V>
	</F>
	<F type="Direct_Marketing_Opt_In_OMR1">
		<V n="ID">0</V>
		<V n="TYPE">Field</V>
		<V n="STATUS">0</V>
		<V n="Position">0,0,0,0</V>
		<V n="MIN_TYPES">0</V>
		<V n="MAX_TYPES">0</V>
		<V n="length"></V>
		<V n="ReqConf">8</V>
		<V n="rules">&lt;in /&gt;&lt;out /&gt;</V>
	</F>
	<F type="Direct_Marketing_Opt_In_OMR2">
		<V n="ID">0</V>
		<V n="TYPE">Field</V>
		<V n="STATUS">0</V>
		<V n="Position">0,0,0,0</V>
		<V n="MIN_TYPES">0</V>
		<V n="MAX_TYPES">0</V>
		<V n="length"></V>
		<V n="ReqConf">8</V>
		<V n="rules">&lt;in /&gt;&lt;out /&gt;</V>
	</F>
	<F type="Resolution_Entity_Name">
		<V n="ID">0</V>
		<V n="TYPE">Field</V>
		<V n="STATUS">0</V>
		<V n="Position">0,0,0,0</V>
		<V n="MIN_TYPES">0</V>
		<V n="MAX_TYPES">0</V>
		<V n="length"></V>
		<V n="ReqConf">7</V>
		<V n="rules">&lt;in&gt;&lt;r id=&quot;39&quot; rs=&quot;5&quot; /&gt;&lt;/in&gt;&lt;out /&gt;</V>
	</F>
	<F type="Append_Doc_ID">
		<V n="ID">0</V>
		<V n="TYPE">Field</V>
		<V n="STATUS">0</V>
		<V n="Position">0,0,0,0</V>
		<V n="MIN_TYPES">0</V>
		<V n="MAX_TYPES">0</V>
		<V n="length"></V>
		<V n="ReqConf">8</V>
		<V n="rules">&lt;in /&gt;&lt;out /&gt;</V>
	</F>
	<F type="Append_Remarks">
		<V n="ID">0</V>
		<V n="TYPE">Field</V>
		<V n="STATUS">0</V>
		<V n="Position">0,0,0,0</V>
		<V n="MIN_TYPES">0</V>
		<V n="MAX_TYPES">0</V>
		<V n="length"></V>
		<V n="ReqConf">8</V>
		<V n="rules">&lt;in /&gt;&lt;out /&gt;</V>
	</F>
	<F type="SAM_Action_No">
		<V n="ID">0</V>
		<V n="TYPE">Field</V>
		<V n="STATUS">0</V>
		<V n="Position">0,0,0,0</V>
		<V n="MIN_TYPES">0</V>
		<V n="MAX_TYPES">0</V>
		<V n="length">50</V>
		<V n="ReqConf">8</V>
		<V n="rules">&lt;in&gt;&lt;r id=&quot;12&quot; rs=&quot;16&quot; /&gt;&lt;/in&gt;&lt;out /&gt;</V>
	</F>
	<F type="SAM_CIF_No">
		<V n="ID">0</V>
		<V n="TYPE">Field</V>
		<V n="STATUS">0</V>
		<V n="Position">0,0,0,0</V>
		<V n="MIN_TYPES">0</V>
		<V n="MAX_TYPES">0</V>
		<V n="length">50</V>
		<V n="ReqConf">8</V>
		<V n="rules">&lt;in&gt;&lt;r id=&quot;14&quot; rs=&quot;16&quot; /&gt;&lt;/in&gt;&lt;out /&gt;</V>
	</F>
	<F type="SAM_Group_Name">
		<V n="ID">0</V>
		<V n="TYPE">Field</V>
		<V n="STATUS">0</V>
		<V n="Position">0,0,0,0</V>
		<V n="MIN_TYPES">0</V>
		<V n="MAX_TYPES">0</V>
		<V n="length">150</V>
		<V n="ReqConf">8</V>
		<V n="rules">&lt;in&gt;&lt;r id=&quot;16&quot; rs=&quot;16&quot; /&gt;&lt;/in&gt;&lt;out /&gt;</V>
	</F>
	<F type="SAM_Borrower_Name">
		<V n="ID">0</V>
		<V n="TYPE">Field</V>
		<V n="STATUS">0</V>
		<V n="Position">0,0,0,0</V>
		<V n="MIN_TYPES">0</V>
		<V n="MAX_TYPES">0</V>
		<V n="length">150</V>
		<V n="ReqConf">8</V>
		<V n="rules">&lt;in&gt;&lt;r id=&quot;18&quot; rs=&quot;16&quot; /&gt;&lt;/in&gt;&lt;out /&gt;</V>
	</F>
	<F type="SAM_TIN_No">
		<V n="ID">0</V>
		<V n="TYPE">Field</V>
		<V n="STATUS">0</V>
		<V n="Position">0,0,0,0</V>
		<V n="MIN_TYPES">0</V>
		<V n="MAX_TYPES">0</V>
		<V n="length">50</V>
		<V n="ReqConf">8</V>
		<V n="rules">&lt;in&gt;&lt;r id=&quot;20&quot; rs=&quot;16&quot; /&gt;&lt;/in&gt;&lt;out /&gt;</V>
	</F>
	<F type="Batch_SAM_Action_No">
		<V n="ID">0</V>
		<V n="TYPE">Field</V>
		<V n="STATUS">0</V>
		<V n="Position">0,0,0,0</V>
		<V n="MIN_TYPES">0</V>
		<V n="MAX_TYPES">0</V>
		<V n="length"></V>
		<V n="ReqConf">8</V>
		<V n="rules">&lt;in&gt;&lt;r id=&quot;11&quot; rs=&quot;5&quot; /&gt;&lt;r id=&quot;11&quot; rs=&quot;16&quot; /&gt;&lt;/in&gt;&lt;out /&gt;</V>
	</F>
	<F type="Batch_SAM_CIF_No">
		<V n="ID">0</V>
		<V n="TYPE">Field</V>
		<V n="STATUS">0</V>
		<V n="Position">0,0,0,0</V>
		<V n="MIN_TYPES">0</V>
		<V n="MAX_TYPES">0</V>
		<V n="length"></V>
		<V n="ReqConf">8</V>
		<V n="rules">&lt;in&gt;&lt;r id=&quot;13&quot; rs=&quot;5&quot; /&gt;&lt;r id=&quot;13&quot; rs=&quot;16&quot; /&gt;&lt;/in&gt;&lt;out /&gt;</V>
	</F>
	<F type="Batch_SAM_Group_Name">
		<V n="ID">0</V>
		<V n="TYPE">Field</V>
		<V n="STATUS">0</V>
		<V n="Position">0,0,0,0</V>
		<V n="MIN_TYPES">0</V>
		<V n="MAX_TYPES">0</V>
		<V n="length"></V>
		<V n="ReqConf">8</V>
		<V n="rules">&lt;in&gt;&lt;r id=&quot;15&quot; rs=&quot;5&quot; /&gt;&lt;r id=&quot;15&quot; rs=&quot;16&quot; /&gt;&lt;/in&gt;&lt;out /&gt;</V>
	</F>
	<F type="Batch_SAM_Borrower_Name">
		<V n="ID">0</V>
		<V n="TYPE">Field</V>
		<V n="STATUS">0</V>
		<V n="Position">0,0,0,0</V>
		<V n="MIN_TYPES">0</V>
		<V n="MAX_TYPES">0</V>
		<V n="length"></V>
		<V n="ReqConf">8</V>
		<V n="rules">&lt;in&gt;&lt;r id=&quot;17&quot; rs=&quot;5&quot; /&gt;&lt;r id=&quot;17&quot; rs=&quot;16&quot; /&gt;&lt;/in&gt;&lt;out /&gt;</V>
	</F>
	<F type="Batch_SAM_TIN_No">
		<V n="ID">0</V>
		<V n="TYPE">Field</V>
		<V n="STATUS">0</V>
		<V n="Position">0,0,0,0</V>
		<V n="MIN_TYPES">0</V>
		<V n="MAX_TYPES">0</V>
		<V n="length"></V>
		<V n="ReqConf">8</V>
		<V n="rules">&lt;in&gt;&lt;r id=&quot;19&quot; rs=&quot;5&quot; /&gt;&lt;r id=&quot;19&quot; rs=&quot;16&quot; /&gt;&lt;/in&gt;&lt;out /&gt;</V>
	</F>
	<F type="Batch_SAM_Remarks">
		<V n="ID">0</V>
		<V n="TYPE">Field</V>
		<V n="STATUS">0</V>
		<V n="Position">0,0,0,0</V>
		<V n="MIN_TYPES">0</V>
		<V n="MAX_TYPES">0</V>
		<V n="length"></V>
		<V n="ReqConf">8</V>
		<V n="rules">&lt;in&gt;&lt;r id=&quot;21&quot; rs=&quot;5&quot; /&gt;&lt;r id=&quot;21&quot; rs=&quot;16&quot; /&gt;&lt;/in&gt;&lt;out /&gt;</V>
	</F>
	<F type="NN6_Surname_Appointment">
		<V n="ID">0</V>
		<V n="TYPE">Field</V>
		<V n="STATUS">0</V>
		<V n="Position">0,0,0,0</V>
		<V n="MIN_TYPES">0</V>
		<V n="MAX_TYPES">0</V>
		<V n="length"></V>
		<V n="ReqConf">8</V>
		<V n="rules">&lt;in&gt;&lt;r id=&quot;3&quot; rs=&quot;5&quot; /&gt;&lt;/in&gt;&lt;out /&gt;</V>
	</F>
	<F type="NN6_Othername_Appointment">
		<V n="ID">0</V>
		<V n="TYPE">Field</V>
		<V n="STATUS">0</V>
		<V n="Position">0,0,0,0</V>
		<V n="MIN_TYPES">0</V>
		<V n="MAX_TYPES">0</V>
		<V n="length"></V>
		<V n="ReqConf">8</V>
		<V n="rules">&lt;in&gt;&lt;r id=&quot;4&quot; rs=&quot;5&quot; /&gt;&lt;/in&gt;&lt;out /&gt;</V>
	</F>
	<F type="NN6_Company_Number_Section2">
		<V n="ID">0</V>
		<V n="TYPE">Field</V>
		<V n="STATUS">0</V>
		<V n="Position">0,0,0,0</V>
		<V n="MIN_TYPES">0</V>
		<V n="MAX_TYPES">0</V>
		<V n="length"></V>
		<V n="ReqConf">8</V>
		<V n="rules">&lt;in&gt;&lt;r id=&quot;6&quot; rs=&quot;5&quot; /&gt;&lt;/in&gt;&lt;out /&gt;</V>
	</F>
	<F type="NN6_Surname_Section2">
		<V n="ID">0</V>
		<V n="TYPE">Field</V>
		<V n="STATUS">0</V>
		<V n="Position">0,0,0,0</V>
		<V n="MIN_TYPES">0</V>
		<V n="MAX_TYPES">0</V>
		<V n="length"></V>
		<V n="ReqConf">8</V>
		<V n="rules">&lt;in&gt;&lt;r id=&quot;3&quot; rs=&quot;5&quot; /&gt;&lt;/in&gt;&lt;out /&gt;</V>
	</F>
	<F type="NN6_Othername_Section2">
		<V n="ID">0</V>
		<V n="TYPE">Field</V>
		<V n="STATUS">0</V>
		<V n="Position">0,0,0,0</V>
		<V n="MIN_TYPES">0</V>
		<V n="MAX_TYPES">0</V>
		<V n="length"></V>
		<V n="ReqConf">8</V>
		<V n="rules">&lt;in&gt;&lt;r id=&quot;4&quot; rs=&quot;5&quot; /&gt;&lt;/in&gt;&lt;out /&gt;</V>
	</F>
	<F type="NN6_Cessation_Date_Section2">
		<V n="ID">0</V>
		<V n="TYPE">Field</V>
		<V n="STATUS">0</V>
		<V n="Position">0,0,0,0</V>
		<V n="MIN_TYPES">0</V>
		<V n="MAX_TYPES">0</V>
		<V n="length"></V>
		<V n="ReqConf">8</V>
		<V n="rules">&lt;in&gt;&lt;r id=&quot;2&quot; rs=&quot;5&quot; /&gt;&lt;/in&gt;&lt;out /&gt;</V>
	</F>
	<F type="NN6_Company_Number_Section3">
		<V n="ID">0</V>
		<V n="TYPE">Field</V>
		<V n="STATUS">0</V>
		<V n="Position">0,0,0,0</V>
		<V n="MIN_TYPES">0</V>
		<V n="MAX_TYPES">0</V>
		<V n="length"></V>
		<V n="ReqConf">8</V>
		<V n="rules">&lt;in&gt;&lt;r id=&quot;6&quot; rs=&quot;5&quot; /&gt;&lt;/in&gt;&lt;out /&gt;</V>
	</F>
	<F type="NN6_Surname_Section3">
		<V n="ID">0</V>
		<V n="TYPE">Field</V>
		<V n="STATUS">0</V>
		<V n="Position">0,0,0,0</V>
		<V n="MIN_TYPES">0</V>
		<V n="MAX_TYPES">0</V>
		<V n="length"></V>
		<V n="ReqConf">8</V>
		<V n="rules">&lt;in&gt;&lt;r id=&quot;3&quot; rs=&quot;5&quot; /&gt;&lt;/in&gt;&lt;out /&gt;</V>
	</F>
	<F type="NN6_Othername_Section3">
		<V n="ID">0</V>
		<V n="TYPE">Field</V>
		<V n="STATUS">0</V>
		<V n="Position">0,0,0,0</V>
		<V n="MIN_TYPES">0</V>
		<V n="MAX_TYPES">0</V>
		<V n="length"></V>
		<V n="ReqConf">8</V>
		<V n="rules">&lt;in&gt;&lt;r id=&quot;4&quot; rs=&quot;5&quot; /&gt;&lt;/in&gt;&lt;out /&gt;</V>
	</F>
	<F type="NN6_Appointment_Date_Section3">
		<V n="ID">0</V>
		<V n="TYPE">Field</V>
		<V n="STATUS">0</V>
		<V n="Position">0,0,0,0</V>
		<V n="MIN_TYPES">0</V>
		<V n="MAX_TYPES">0</V>
		<V n="length"></V>
		<V n="ReqConf">8</V>
		<V n="rules">&lt;in&gt;&lt;r id=&quot;5&quot; rs=&quot;5&quot; /&gt;&lt;/in&gt;&lt;out /&gt;</V>
	</F>
	<F type="NN7_Surname_Changed">
		<V n="ID">0</V>
		<V n="TYPE">Field</V>
		<V n="STATUS">0</V>
		<V n="Position">0,0,0,0</V>
		<V n="MIN_TYPES">0</V>
		<V n="MAX_TYPES">0</V>
		<V n="length"></V>
		<V n="ReqConf">8</V>
		<V n="rules">&lt;in&gt;&lt;r id=&quot;23&quot; rs=&quot;5&quot; /&gt;&lt;/in&gt;&lt;out /&gt;</V>
	</F>
	<F type="NN7_Othername_Changed">
		<V n="ID">0</V>
		<V n="TYPE">Field</V>
		<V n="STATUS">0</V>
		<V n="Position">0,0,0,0</V>
		<V n="MIN_TYPES">0</V>
		<V n="MAX_TYPES">0</V>
		<V n="length"></V>
		<V n="ReqConf">8</V>
		<V n="rules">&lt;in&gt;&lt;r id=&quot;24&quot; rs=&quot;5&quot; /&gt;&lt;/in&gt;&lt;out /&gt;</V>
	</F>
	<F type="NN7_Company_Number_Section2">
		<V n="ID">0</V>
		<V n="TYPE">Field</V>
		<V n="STATUS">0</V>
		<V n="Position">0,0,0,0</V>
		<V n="MIN_TYPES">0</V>
		<V n="MAX_TYPES">0</V>
		<V n="length"></V>
		<V n="ReqConf">8</V>
		<V n="rules">&lt;in&gt;&lt;r id=&quot;1&quot; rs=&quot;5&quot; /&gt;&lt;/in&gt;&lt;out /&gt;</V>
	</F>
	<F type="NN7_Surname_Section2">
		<V n="ID">0</V>
		<V n="TYPE">Field</V>
		<V n="STATUS">0</V>
		<V n="Position">0,0,0,0</V>
		<V n="MIN_TYPES">0</V>
		<V n="MAX_TYPES">0</V>
		<V n="length"></V>
		<V n="ReqConf">8</V>
		<V n="rules">&lt;in&gt;&lt;r id=&quot;3&quot; rs=&quot;5&quot; /&gt;&lt;/in&gt;&lt;out /&gt;</V>
	</F>
	<F type="NN7_Othername_Section2">
		<V n="ID">0</V>
		<V n="TYPE">Field</V>
		<V n="STATUS">0</V>
		<V n="Position">0,0,0,0</V>
		<V n="MIN_TYPES">0</V>
		<V n="MAX_TYPES">0</V>
		<V n="length"></V>
		<V n="ReqConf">8</V>
		<V n="rules">&lt;in&gt;&lt;r id=&quot;4&quot; rs=&quot;5&quot; /&gt;&lt;/in&gt;&lt;out /&gt;</V>
	</F>
	<F type="NN7_Surname_Changed_Section2">
		<V n="ID">0</V>
		<V n="TYPE">Field</V>
		<V n="STATUS">0</V>
		<V n="Position">0,0,0,0</V>
		<V n="MIN_TYPES">0</V>
		<V n="MAX_TYPES">0</V>
		<V n="length"></V>
		<V n="ReqConf">8</V>
		<V n="rules">&lt;in&gt;&lt;r id=&quot;25&quot; rs=&quot;5&quot; /&gt;&lt;/in&gt;&lt;out /&gt;</V>
	</F>
	<F type="NN7_Othername_Changed_Section2">
		<V n="ID">0</V>
		<V n="TYPE">Field</V>
		<V n="STATUS">0</V>
		<V n="Position">0,0,0,0</V>
		<V n="MIN_TYPES">0</V>
		<V n="MAX_TYPES">0</V>
		<V n="length"></V>
		<V n="ReqConf">8</V>
		<V n="rules">&lt;in&gt;&lt;r id=&quot;26&quot; rs=&quot;5&quot; /&gt;&lt;/in&gt;&lt;out /&gt;</V>
	</F>
	<F type="NN7_Effective_Date_Section2">
		<V n="ID">0</V>
		<V n="TYPE">Field</V>
		<V n="STATUS">0</V>
		<V n="Position">0,0,0,0</V>
		<V n="MIN_TYPES">0</V>
		<V n="MAX_TYPES">0</V>
		<V n="length"></V>
		<V n="ReqConf">8</V>
		<V n="rules">&lt;in /&gt;&lt;out /&gt;</V>
	</F>
	<F type="NN7_Address_Section2">
		<V n="ID">0</V>
		<V n="TYPE">Field</V>
		<V n="STATUS">0</V>
		<V n="Position">0,0,0,0</V>
		<V n="MIN_TYPES">0</V>
		<V n="MAX_TYPES">0</V>
		<V n="length"></V>
		<V n="ReqConf">8</V>
		<V n="rules">&lt;in&gt;&lt;r id=&quot;32&quot; rs=&quot;5&quot; /&gt;&lt;/in&gt;&lt;out /&gt;</V>
	</F>
	<F type="NN7_Email_Section2">
		<V n="ID">0</V>
		<V n="TYPE">Field</V>
		<V n="STATUS">0</V>
		<V n="Position">0,0,0,0</V>
		<V n="MIN_TYPES">0</V>
		<V n="MAX_TYPES">0</V>
		<V n="length"></V>
		<V n="ReqConf">8</V>
		<V n="rules">&lt;in&gt;&lt;r id=&quot;27&quot; rs=&quot;5&quot; /&gt;&lt;/in&gt;&lt;out /&gt;</V>
	</F>
	<F type="NN7_HKID_Section2">
		<V n="ID">0</V>
		<V n="TYPE">Field</V>
		<V n="STATUS">0</V>
		<V n="Position">0,0,0,0</V>
		<V n="MIN_TYPES">0</V>
		<V n="MAX_TYPES">0</V>
		<V n="length"></V>
		<V n="ReqConf">8</V>
		<V n="rules">&lt;in&gt;&lt;r id=&quot;31&quot; rs=&quot;5&quot; /&gt;&lt;/in&gt;&lt;out /&gt;</V>
	</F>
	<F type="NN7_Passport_Issuing_Country_Section2">
		<V n="ID">0</V>
		<V n="TYPE">Field</V>
		<V n="STATUS">0</V>
		<V n="Position">0,0,0,0</V>
		<V n="MIN_TYPES">0</V>
		<V n="MAX_TYPES">0</V>
		<V n="length"></V>
		<V n="ReqConf">8</V>
		<V n="rules">&lt;in&gt;&lt;r id=&quot;29&quot; rs=&quot;5&quot; /&gt;&lt;/in&gt;&lt;out /&gt;</V>
	</F>
	<F type="NN7_Passport_Number_Section2">
		<V n="ID">0</V>
		<V n="TYPE">Field</V>
		<V n="STATUS">0</V>
		<V n="Position">0,0,0,0</V>
		<V n="MIN_TYPES">0</V>
		<V n="MAX_TYPES">0</V>
		<V n="length"></V>
		<V n="ReqConf">8</V>
		<V n="rules">&lt;in&gt;&lt;r id=&quot;30&quot; rs=&quot;5&quot; /&gt;&lt;/in&gt;&lt;out /&gt;</V>
	</F>
	<F type="NN7_Passport_Effective_Date_Section2">
		<V n="ID">0</V>
		<V n="TYPE">Field</V>
		<V n="STATUS">0</V>
		<V n="Position">0,0,0,0</V>
		<V n="MIN_TYPES">0</V>
		<V n="MAX_TYPES">0</V>
		<V n="length"></V>
		<V n="ReqConf">8</V>
		<V n="rules">&lt;in&gt;&lt;r id=&quot;33&quot; rs=&quot;5&quot; /&gt;&lt;/in&gt;&lt;out /&gt;</V>
	</F>
	<F type="Batch_SAM_IsRescan">
		<V n="ID">0</V>
		<V n="TYPE">Field</V>
		<V n="STATUS">0</V>
		<V n="Position">0,0,0,0</V>
		<V n="MIN_TYPES">0</V>
		<V n="MAX_TYPES">0</V>
		<V n="length"></V>
		<V n="ReqConf">8</V>
		<V n="DICT">YesNo</V>
		<V n="rules">&lt;in&gt;&lt;r id=&quot;1&quot; rs=&quot;16&quot; /&gt;&lt;/in&gt;&lt;out /&gt;</V>
	</F>
	<F type="SAM_Rescan">
		<V n="ID">0</V>
		<V n="TYPE">Field</V>
		<V n="STATUS">0</V>
		<V n="Position">0,0,0,0</V>
		<V n="MIN_TYPES">0</V>
		<V n="MAX_TYPES">0</V>
		<V n="length"></V>
		<V n="ReqConf">8</V>
		<V n="rules">&lt;in&gt;&lt;r id=&quot;2&quot; rs=&quot;16&quot; /&gt;&lt;/in&gt;&lt;out /&gt;</V>
	</F>
	<F type="Append_DocId">
		<V n="ID">0</V>
		<V n="TYPE">Field</V>
		<V n="STATUS">0</V>
		<V n="Position">0,0,0,0</V>
		<V n="MIN_TYPES">0</V>
		<V n="MAX_TYPES">0</V>
		<V n="length"></V>
		<V n="ReqConf">8</V>
		<V n="rules">&lt;in /&gt;&lt;out /&gt;</V>
	</F>
	<F type="SAM_Remarks">
		<V n="ID">0</V>
		<V n="TYPE">Field</V>
		<V n="STATUS">0</V>
		<V n="Position">0,0,0,0</V>
		<V n="MIN_TYPES">0</V>
		<V n="MAX_TYPES">0</V>
		<V n="length"></V>
		<V n="ReqConf">8</V>
		<V n="rules">&lt;in&gt;&lt;r id=&quot;22&quot; rs=&quot;16&quot; /&gt;&lt;/in&gt;&lt;out /&gt;</V>
	</F>
	<F type="ND2A_Company_Number">
		<V n="ID">0</V>
		<V n="TYPE">Field</V>
		<V n="STATUS">0</V>
		<V n="Position">0,0,0,0</V>
		<V n="MIN_TYPES">0</V>
		<V n="MAX_TYPES">0</V>
		<V n="length"></V>
		<V n="ReqConf">8</V>
		<V n="rules">&lt;in /&gt;&lt;out /&gt;</V>
	</F>
	<F type="ND2A_Company_Name">
		<V n="ID">0</V>
		<V n="TYPE">Field</V>
		<V n="STATUS">0</V>
		<V n="Position">0,0,0,0</V>
		<V n="MIN_TYPES">0</V>
		<V n="MAX_TYPES">0</V>
		<V n="length"></V>
		<V n="ReqConf">8</V>
		<V n="rules">&lt;in /&gt;&lt;out /&gt;</V>
	</F>
	<F type="ND2A_Surname">
		<V n="ID">0</V>
		<V n="TYPE">Field</V>
		<V n="STATUS">0</V>
		<V n="Position">0,0,0,0</V>
		<V n="MIN_TYPES">0</V>
		<V n="MAX_TYPES">0</V>
		<V n="length"></V>
		<V n="ReqConf">8</V>
		<V n="rules">&lt;in /&gt;&lt;out /&gt;</V>
	</F>
	<F type="ND2A_Othername">
		<V n="ID">0</V>
		<V n="TYPE">Field</V>
		<V n="STATUS">0</V>
		<V n="Position">0,0,0,0</V>
		<V n="MIN_TYPES">0</V>
		<V n="MAX_TYPES">0</V>
		<V n="length"></V>
		<V n="ReqConf">8</V>
		<V n="rules">&lt;in&gt;&lt;r id=&quot;4&quot; rs=&quot;5&quot; /&gt;&lt;/in&gt;&lt;out /&gt;</V>
	</F>
	<F type="ND2A_Cessation_Date">
		<V n="ID">0</V>
		<V n="TYPE">Field</V>
		<V n="STATUS">0</V>
		<V n="Position">0,0,0,0</V>
		<V n="MIN_TYPES">0</V>
		<V n="MAX_TYPES">0</V>
		<V n="length"></V>
		<V n="ReqConf">8</V>
		<V n="rules">&lt;in&gt;&lt;r id=&quot;2&quot; rs=&quot;5&quot; /&gt;&lt;/in&gt;&lt;out /&gt;</V>
	</F>
	<F type="ND2A_Remarks">
		<V n="ID">0</V>
		<V n="TYPE">Field</V>
		<V n="STATUS">0</V>
		<V n="Position">0,0,0,0</V>
		<V n="MIN_TYPES">0</V>
		<V n="MAX_TYPES">0</V>
		<V n="length"></V>
		<V n="ReqConf">8</V>
		<V n="rules">&lt;in /&gt;&lt;out /&gt;</V>
	</F>
	<F type="ND2A_">
		<V n="ID">0</V>
		<V n="TYPE">Field</V>
		<V n="STATUS">0</V>
		<V n="Position">0,0,0,0</V>
		<V n="MIN_TYPES">0</V>
		<V n="MAX_TYPES">0</V>
		<V n="length"></V>
		<V n="ReqConf">8</V>
	</F>
	<F type="Field2">
		<V n="ID">0</V>
		<V n="TYPE">Field</V>
		<V n="STATUS">0</V>
		<V n="Position">0,0,0,0</V>
		<V n="MIN_TYPES">0</V>
		<V n="MAX_TYPES">0</V>
		<V n="length"></V>
		<V n="ReqConf">8</V>
	</F>
	<F type="Field3">
		<V n="ID">0</V>
		<V n="TYPE">Field</V>
		<V n="STATUS">0</V>
		<V n="Position">0,0,0,0</V>
		<V n="MIN_TYPES">0</V>
		<V n="MAX_TYPES">0</V>
		<V n="length"></V>
		<V n="ReqConf">8</V>
	</F>
	<F type="ND2A_Othernames">
		<V n="ID">0</V>
		<V n="TYPE">Field</V>
		<V n="STATUS">0</V>
		<V n="Position">0,0,0,0</V>
		<V n="MIN_TYPES">0</V>
		<V n="MAX_TYPES">0</V>
		<V n="length"></V>
		<V n="ReqConf">8</V>
		<V n="rules">&lt;in /&gt;&lt;out /&gt;</V>
	</F>
	<F type="Form_ND2A_Company_Number">
		<V n="ID">0</V>
		<V n="TYPE">Field</V>
		<V n="STATUS">0</V>
		<V n="Position">0,0,0,0</V>
		<V n="MIN_TYPES">0</V>
		<V n="MAX_TYPES">0</V>
		<V n="length"></V>
		<V n="ReqConf">8</V>
		<V n="rules">&lt;in&gt;&lt;r id=&quot;34&quot; rs=&quot;5&quot; /&gt;&lt;/in&gt;&lt;out /&gt;</V>
	</F>
	<F type="Form_ND2A_Company_Name">
		<V n="ID">0</V>
		<V n="TYPE">Field</V>
		<V n="STATUS">0</V>
		<V n="Position">0,0,0,0</V>
		<V n="MIN_TYPES">0</V>
		<V n="MAX_TYPES">0</V>
		<V n="length"></V>
		<V n="ReqConf">8</V>
		<V n="rules">&lt;in&gt;&lt;r id=&quot;35&quot; rs=&quot;5&quot; /&gt;&lt;/in&gt;&lt;out /&gt;</V>
	</F>
	<F type="Form_ND2A_Surname">
		<V n="ID">0</V>
		<V n="TYPE">Field</V>
		<V n="STATUS">0</V>
		<V n="Position">0,0,0,0</V>
		<V n="MIN_TYPES">0</V>
		<V n="MAX_TYPES">0</V>
		<V n="length"></V>
		<V n="ReqConf">8</V>
		<V n="rules">&lt;in&gt;&lt;r id=&quot;36&quot; rs=&quot;5&quot; /&gt;&lt;/in&gt;&lt;out /&gt;</V>
	</F>
	<F type="Form_ND2A_Othernames">
		<V n="ID">0</V>
		<V n="TYPE">Field</V>
		<V n="STATUS">0</V>
		<V n="Position">0,0,0,0</V>
		<V n="MIN_TYPES">0</V>
		<V n="MAX_TYPES">0</V>
		<V n="length"></V>
		<V n="ReqConf">8</V>
		<V n="rules">&lt;in&gt;&lt;r id=&quot;37&quot; rs=&quot;5&quot; /&gt;&lt;/in&gt;&lt;out /&gt;</V>
	</F>
	<F type="Resolution_Trail_Remarks">
		<V n="ID">0</V>
		<V n="TYPE">Field</V>
		<V n="STATUS">0</V>
		<V n="Position">0,0,0,0</V>
		<V n="MIN_TYPES">0</V>
		<V n="MAX_TYPES">0</V>
		<V n="length"></V>
		<V n="ReqConf">8</V>
		<V n="rules">&lt;in /&gt;&lt;out /&gt;</V>
	</F>
	<F type="Resolution_Reference_ID">
		<V n="ID">0</V>
		<V n="TYPE">Field</V>
		<V n="STATUS">0</V>
		<V n="Position">0,0,0,0</V>
		<V n="MIN_TYPES">0</V>
		<V n="MAX_TYPES">0</V>
		<V n="length"></V>
		<V n="ReqConf">7</V>
		<V n="rules">&lt;in&gt;&lt;r id=&quot;38&quot; rs=&quot;5&quot; /&gt;&lt;/in&gt;&lt;out /&gt;</V>
	</F>
	<F type="Resolution_Subject">
		<V n="ID">0</V>
		<V n="TYPE">Field</V>
		<V n="STATUS">0</V>
		<V n="Position">0,0,0,0</V>
		<V n="MIN_TYPES">0</V>
		<V n="MAX_TYPES">0</V>
		<V n="length"></V>
		<V n="ReqConf">8</V>
		<V n="rules">&lt;in&gt;&lt;r id=&quot;40&quot; rs=&quot;5&quot; /&gt;&lt;/in&gt;&lt;out /&gt;</V>
	</F>
	<F type="Resolution_Date">
		<V n="ID">0</V>
		<V n="TYPE">Field</V>
		<V n="STATUS">0</V>
		<V n="Position">0,0,0,0</V>
		<V n="MIN_TYPES">0</V>
		<V n="MAX_TYPES">0</V>
		<V n="length"></V>
		<V n="ReqConf">8</V>
		<V n="rules">&lt;in&gt;&lt;r id=&quot;9&quot; rs=&quot;5&quot; /&gt;&lt;/in&gt;&lt;out /&gt;</V>
	</F>
	<F type="Minutes_Reference_ID">
		<V n="ID">0</V>
		<V n="TYPE">Field</V>
		<V n="STATUS">0</V>
		<V n="Position">0,0,0,0</V>
		<V n="MIN_TYPES">0</V>
		<V n="MAX_TYPES">0</V>
		<V n="length">50</V>
		<V n="ReqConf">8</V>
		<V n="rules">&lt;in&gt;&lt;r id=&quot;41&quot; rs=&quot;5&quot; /&gt;&lt;/in&gt;&lt;out /&gt;</V>
	</F>
	<F type="Minutes_Entity_Name">
		<V n="ID">0</V>
		<V n="TYPE">Field</V>
		<V n="STATUS">0</V>
		<V n="Position">0,0,0,0</V>
		<V n="MIN_TYPES">0</V>
		<V n="MAX_TYPES">0</V>
		<V n="length">150</V>
		<V n="ReqConf">8</V>
		<V n="rules">&lt;in&gt;&lt;r id=&quot;42&quot; rs=&quot;5&quot; /&gt;&lt;/in&gt;&lt;out /&gt;</V>
	</F>
	<F type="Minutes_Date">
		<V n="ID">0</V>
		<V n="TYPE">Field</V>
		<V n="STATUS">0</V>
		<V n="Position">0,0,0,0</V>
		<V n="MIN_TYPES">0</V>
		<V n="MAX_TYPES">0</V>
		<V n="length"></V>
		<V n="ReqConf">8</V>
		<V n="rules">&lt;in&gt;&lt;r id=&quot;43&quot; rs=&quot;5&quot; /&gt;&lt;/in&gt;&lt;out /&gt;</V>
	</F>
	<F type="Batch_SAM_Sequence">
		<V n="ID">0</V>
		<V n="TYPE">Field</V>
		<V n="STATUS">0</V>
		<V n="Position">0,0,0,0</V>
		<V n="MIN_TYPES">0</V>
		<V n="MAX_TYPES">0</V>
		<V n="length"></V>
		<V n="ReqConf">8</V>
		<V n="rules">&lt;in&gt;&lt;r id=&quot;45&quot; rs=&quot;5&quot; /&gt;&lt;r id=&quot;3&quot; rs=&quot;16&quot; /&gt;&lt;/in&gt;&lt;out /&gt;</V>
	</F>
	<F type="SAM_Sequence">
		<V n="ID">0</V>
		<V n="TYPE">Field</V>
		<V n="STATUS">0</V>
		<V n="Position">0,0,0,0</V>
		<V n="MIN_TYPES">0</V>
		<V n="MAX_TYPES">0</V>
		<V n="length">5</V>
		<V n="ReqConf">8</V>
		<V n="rules">&lt;in&gt;&lt;r id=&quot;4&quot; rs=&quot;16&quot; /&gt;&lt;/in&gt;&lt;out /&gt;</V>
	</F>
	<F type="NN6_Form_Name">
		<V n="ID">0</V>
		<V n="TYPE">Field</V>
		<V n="STATUS">0</V>
		<V n="Position">0,0,0,0</V>
		<V n="MIN_TYPES">0</V>
		<V n="MAX_TYPES">0</V>
		<V n="length">150</V>
		<V n="ReqConf">8</V>
		<V n="rules">&lt;in&gt;&lt;r id=&quot;44&quot; rs=&quot;5&quot; /&gt;&lt;/in&gt;&lt;out /&gt;</V>
	</F>
	<F type="NN7_Cessation_Date">
		<V n="ID">0</V>
		<V n="TYPE">Field</V>
		<V n="STATUS">0</V>
		<V n="Position">0,0,0,0</V>
		<V n="MIN_TYPES">0</V>
		<V n="MAX_TYPES">0</V>
		<V n="length"></V>
		<V n="ReqConf">8</V>
		<V n="rules">&lt;in /&gt;&lt;out /&gt;</V>
	</F>
	<F type="Minutes_Type_of_Resolution">
		<V n="ID">0</V>
		<V n="TYPE">Field</V>
		<V n="STATUS">0</V>
		<V n="Position">0,0,0,0</V>
		<V n="MIN_TYPES">0</V>
		<V n="MAX_TYPES">0</V>
		<V n="length">50</V>
		<V n="ReqConf">8</V>
		<V n="rules">&lt;in&gt;&lt;r id=&quot;50&quot; rs=&quot;5&quot; /&gt;&lt;/in&gt;&lt;out /&gt;</V>
	</F>
	<F type="Minutes_Subject">
		<V n="ID">0</V>
		<V n="TYPE">Field</V>
		<V n="STATUS">0</V>
		<V n="Position">0,0,0,0</V>
		<V n="MIN_TYPES">0</V>
		<V n="MAX_TYPES">0</V>
		<V n="length">150</V>
		<V n="ReqConf">8</V>
		<V n="rules">&lt;in&gt;&lt;r id=&quot;40&quot; rs=&quot;5&quot; /&gt;&lt;/in&gt;&lt;out /&gt;</V>
	</F>
	<F type="Resolution_Type_of_Resolution">
		<V n="ID">0</V>
		<V n="TYPE">Field</V>
		<V n="STATUS">0</V>
		<V n="Position">0,0,0,0</V>
		<V n="MIN_TYPES">0</V>
		<V n="MAX_TYPES">0</V>
		<V n="length"></V>
		<V n="ReqConf">8</V>
		<V n="rules">&lt;in /&gt;&lt;out /&gt;</V>
	</F>
	<F type="Agreement_Entity_Name">
		<V n="ID">0</V>
		<V n="TYPE">Field</V>
		<V n="STATUS">0</V>
		<V n="Position">0,0,0,0</V>
		<V n="MIN_TYPES">0</V>
		<V n="MAX_TYPES">0</V>
		<V n="length"></V>
		<V n="ReqConf">8</V>
		<V n="rules">&lt;in&gt;&lt;r id=&quot;12&quot; rs=&quot;5&quot; /&gt;&lt;r id=&quot;6&quot; rs=&quot;16&quot; /&gt;&lt;/in&gt;&lt;out /&gt;</V>
	</F>
	<F type="Agreement_Date">
		<V n="ID">0</V>
		<V n="TYPE">Field</V>
		<V n="STATUS">0</V>
		<V n="Position">0,0,0,0</V>
		<V n="MIN_TYPES">0</V>
		<V n="MAX_TYPES">0</V>
		<V n="length"></V>
		<V n="ReqConf">8</V>
		<V n="rules">&lt;in&gt;&lt;r id=&quot;14&quot; rs=&quot;5&quot; /&gt;&lt;r id=&quot;7&quot; rs=&quot;16&quot; /&gt;&lt;/in&gt;&lt;out /&gt;</V>
	</F>
	<F type="Agreement_Document_Nature">
		<V n="ID">0</V>
		<V n="TYPE">Field</V>
		<V n="STATUS">0</V>
		<V n="Position">0,0,0,0</V>
		<V n="MIN_TYPES">0</V>
		<V n="MAX_TYPES">0</V>
		<V n="length"></V>
		<V n="ReqConf">8</V>
		<V n="rules">&lt;in&gt;&lt;r id=&quot;16&quot; rs=&quot;5&quot; /&gt;&lt;r id=&quot;8&quot; rs=&quot;16&quot; /&gt;&lt;/in&gt;&lt;out /&gt;</V>
	</F>
	<F type="Agreement_Unit_Owner">
		<V n="ID">0</V>
		<V n="TYPE">Field</V>
		<V n="STATUS">0</V>
		<V n="Position">0,0,0,0</V>
		<V n="MIN_TYPES">0</V>
		<V n="MAX_TYPES">0</V>
		<V n="length"></V>
		<V n="ReqConf">8</V>
		<V n="rules">&lt;in&gt;&lt;r id=&quot;18&quot; rs=&quot;5&quot; /&gt;&lt;r id=&quot;9&quot; rs=&quot;16&quot; /&gt;&lt;/in&gt;&lt;out /&gt;</V>
	</F>
	<F type="Agreement_Issued_Relevant_Parties">
		<V n="ID">0</V>
		<V n="TYPE">Field</V>
		<V n="STATUS">0</V>
		<V n="Position">0,0,0,0</V>
		<V n="MIN_TYPES">0</V>
		<V n="MAX_TYPES">0</V>
		<V n="length">150</V>
		<V n="ReqConf">8</V>
		<V n="rules">&lt;in&gt;&lt;r id=&quot;20&quot; rs=&quot;5&quot; /&gt;&lt;r id=&quot;10&quot; rs=&quot;16&quot; /&gt;&lt;/in&gt;&lt;out /&gt;</V>
	</F>
	<F type="Agreement_Remark">
		<V n="ID">0</V>
		<V n="TYPE">Field</V>
		<V n="STATUS">0</V>
		<V n="Position">0,0,0,0</V>
		<V n="MIN_TYPES">0</V>
		<V n="MAX_TYPES">0</V>
		<V n="length">150</V>
		<V n="ReqConf">8</V>
		<V n="rules">&lt;in&gt;&lt;r id=&quot;22&quot; rs=&quot;5&quot; /&gt;&lt;r id=&quot;23&quot; rs=&quot;16&quot; /&gt;&lt;/in&gt;&lt;out /&gt;</V>
	</F>
	<F type="Corresponding_Entity_name">
		<V n="ID">0</V>
		<V n="TYPE">Field</V>
		<V n="STATUS">0</V>
		<V n="Position">0,0,0,0</V>
		<V n="MIN_TYPES">0</V>
		<V n="MAX_TYPES">0</V>
		<V n="length">150</V>
		<V n="ReqConf">8</V>
		<V n="rules">&lt;in /&gt;&lt;out /&gt;</V>
	</F>
	<F type="Corresponding_Date">
		<V n="ID">0</V>
		<V n="TYPE">Field</V>
		<V n="STATUS">0</V>
		<V n="Position">0,0,0,0</V>
		<V n="MIN_TYPES">0</V>
		<V n="MAX_TYPES">0</V>
		<V n="length"></V>
		<V n="ReqConf">8</V>
		<V n="rules">&lt;in /&gt;&lt;out /&gt;</V>
	</F>
	<F type="Corresponding_Sender">
		<V n="ID">0</V>
		<V n="TYPE">Field</V>
		<V n="STATUS">0</V>
		<V n="Position">0,0,0,0</V>
		<V n="MIN_TYPES">0</V>
		<V n="MAX_TYPES">0</V>
		<V n="length">150</V>
		<V n="ReqConf">8</V>
		<V n="rules">&lt;in /&gt;&lt;out /&gt;</V>
	</F>
	<F type="Corresponding_Recipients">
		<V n="ID">0</V>
		<V n="TYPE">Field</V>
		<V n="STATUS">0</V>
		<V n="Position">0,0,0,0</V>
		<V n="MIN_TYPES">0</V>
		<V n="MAX_TYPES">0</V>
		<V n="length">150</V>
		<V n="ReqConf">8</V>
		<V n="rules">&lt;in /&gt;&lt;out /&gt;</V>
	</F>
	<F type="Corresponding_Subject">
		<V n="ID">0</V>
		<V n="TYPE">Field</V>
		<V n="STATUS">0</V>
		<V n="Position">0,0,0,0</V>
		<V n="MIN_TYPES">0</V>
		<V n="MAX_TYPES">0</V>
		<V n="length">150</V>
		<V n="ReqConf">8</V>
		<V n="rules">&lt;in /&gt;&lt;out /&gt;</V>
	</F>
	<F type="Corresponding_Month">
		<V n="ID">0</V>
		<V n="TYPE">Field</V>
		<V n="STATUS">0</V>
		<V n="Position">0,0,0,0</V>
		<V n="MIN_TYPES">0</V>
		<V n="MAX_TYPES">0</V>
		<V n="length"></V>
		<V n="ReqConf">8</V>
		<V n="rules">&lt;in /&gt;&lt;out /&gt;</V>
	</F>
	<F type="NN6_Remark">
		<V n="ID">0</V>
		<V n="TYPE">Field</V>
		<V n="STATUS">0</V>
		<V n="Position">0,0,0,0</V>
		<V n="MIN_TYPES">0</V>
		<V n="MAX_TYPES">0</V>
		<V n="length">150</V>
		<V n="ReqConf">8</V>
		<V n="rules">&lt;in /&gt;&lt;out /&gt;</V>
	</F>
	<F type="NN7_Remark">
		<V n="ID">0</V>
		<V n="TYPE">Field</V>
		<V n="STATUS">0</V>
		<V n="Position">0,0,0,0</V>
		<V n="MIN_TYPES">0</V>
		<V n="MAX_TYPES">0</V>
		<V n="length">150</V>
		<V n="ReqConf">8</V>
		<V n="rules">&lt;in /&gt;&lt;out /&gt;</V>
	</F>
	<F type="Minutes_Remark">
		<V n="ID">0</V>
		<V n="TYPE">Field</V>
		<V n="STATUS">0</V>
		<V n="Position">0,0,0,0</V>
		<V n="MIN_TYPES">0</V>
		<V n="MAX_TYPES">0</V>
		<V n="length">150</V>
		<V n="ReqConf">8</V>
		<V n="rules">&lt;in /&gt;&lt;out /&gt;</V>
	</F>
	<F type="Agreement_Sequence">
		<V n="ID">0</V>
		<V n="TYPE">Field</V>
		<V n="STATUS">0</V>
		<V n="Position">0,0,0,0</V>
		<V n="MIN_TYPES">0</V>
		<V n="MAX_TYPES">0</V>
		<V n="length">50</V>
		<V n="ReqConf">8</V>
		<V n="rules">&lt;in&gt;&lt;r id=&quot;49&quot; rs=&quot;5&quot; /&gt;&lt;r id=&quot;24&quot; rs=&quot;16&quot; /&gt;&lt;/in&gt;&lt;out /&gt;</V>
	</F>
	<F type="Field1">
		<V n="ID">0</V>
		<V n="TYPE">Field</V>
		<V n="STATUS">0</V>
		<V n="Position">0,0,0,0</V>
		<V n="MIN_TYPES">0</V>
		<V n="MAX_TYPES">0</V>
		<V n="length"></V>
		<V n="ReqConf">8</V>
		<V n="rules">&lt;in /&gt;&lt;out /&gt;</V>
	</F>
	<DICT n="YesNo">
		<W v="Y">Yes</W>
		<W v="N">No</W>
	</DICT>
	<DICT n="RequestForInvest">
		<W v="All Investment Products (including but not limited to Investment Funds, Securities Related Products, FX Products)">All Investment</W>
		<W v="All Insurance Products (including but not limited to Life Insurance, General Insurance, Investment Linked Plans)">All Insurance</W>
		<W v="Market Update">Market Update</W>
		<W v="All of the above">All</W>
	</DICT>
	<DICT n="UseDepositInfo">
		<W v="I agree to allow the Bank to access">I agree to allow the Bank to access</W>
		<W v="I do not wish for the bank to access">I do not wish for the bank to access</W>
	</DICT>
	<DICT n="DirectMarketingOptIn">
		<W v="I wish the Bank to use my personal data in direct marketing">I wish the Bank to use my personal data in direct marketing</W>
		<W v="I wish the Bank to provide my personal data to other persons">I wish the Bank to provide my personal data to other persons</W>
	</DICT>
</S>
